,Unnamed: 0,season,round,constructor,constructor_points,constructor_wins,constructor_standings_pos
0,11072,2014,1,mclaren,0.0,0.0,0.0
1,11073,2014,1,mercedes,0.0,0.0,0.0
2,11074,2014,1,ferrari,0.0,0.0,0.0
3,11075,2014,1,williams,0.0,0.0,0.0
4,11076,2014,1,force_india,0.0,0.0,0.0
5,11077,2014,1,toro_rosso,0.0,0.0,0.0
6,11078,2014,1,sauber,0.0,0.0,0.0
7,11079,2014,1,marussia,0.0,0.0,0.0
8,11080,2014,1,lotus_f1,0.0,0.0,0.0
9,11081,2014,1,caterham,0.0,0.0,0.0
10,11082,2014,1,red_bull,0.0,0.0,0.0
11,11083,2014,2,mercedes,25.0,1.0,2.0
12,11084,2014,2,mclaren,33.0,0.0,1.0
13,11085,2014,2,ferrari,18.0,0.0,3.0
14,11086,2014,2,williams,10.0,0.0,4.0
15,11087,2014,2,force_india,9.0,0.0,5.0
16,11088,2014,2,red_bull,0.0,0.0,11.0
17,11089,2014,2,toro_rosso,6.0,0.0,6.0
18,11090,2014,2,sauber,0.0,0.0,7.0
19,11091,2014,2,lotus_f1,0.0,0.0,9.0
20,11092,2014,2,caterham,0.0,0.0,10.0
21,11093,2014,2,marussia,0.0,0.0,8.0
22,11094,2014,3,mercedes,68.0,2.0,1.0
23,11095,2014,3,force_india,19.0,0.0,5.0
24,11096,2014,3,mclaren,43.0,0.0,2.0
25,11097,2014,3,red_bull,15.0,0.0,6.0
26,11098,2014,3,ferrari,30.0,0.0,3.0
27,11099,2014,3,williams,20.0,0.0,4.0
28,11100,2014,3,toro_rosso,7.0,0.0,7.0
29,11101,2014,3,lotus_f1,0.0,0.0,9.0
30,11102,2014,3,sauber,0.0,0.0,8.0
31,11103,2014,3,marussia,0.0,0.0,11.0
32,11104,2014,3,caterham,0.0,0.0,10.0
33,11105,2014,4,mercedes,111.0,3.0,1.0
34,11106,2014,4,red_bull,35.0,0.0,4.0
35,11107,2014,4,force_india,44.0,0.0,2.0
36,11108,2014,4,ferrari,33.0,0.0,5.0
37,11109,2014,4,mclaren,43.0,0.0,3.0
38,11110,2014,4,williams,30.0,0.0,6.0
39,11111,2014,4,toro_rosso,7.0,0.0,7.0
40,11112,2014,4,lotus_f1,0.0,0.0,8.0
41,11113,2014,4,sauber,0.0,0.0,9.0
42,11114,2014,4,marussia,0.0,0.0,10.0
43,11115,2014,4,caterham,0.0,0.0,11.0
44,11116,2014,5,mercedes,154.0,4.0,1.0
45,11117,2014,5,red_bull,57.0,0.0,2.0
46,11118,2014,5,ferrari,52.0,0.0,4.0
47,11119,2014,5,force_india,54.0,0.0,3.0
48,11120,2014,5,williams,36.0,0.0,6.0
49,11121,2014,5,mclaren,43.0,0.0,5.0
50,11122,2014,5,toro_rosso,8.0,0.0,7.0
51,11123,2014,5,lotus_f1,0.0,0.0,8.0
52,11124,2014,5,sauber,0.0,0.0,9.0
53,11125,2014,5,marussia,0.0,0.0,10.0
54,11126,2014,5,caterham,0.0,0.0,11.0
55,11127,2014,6,mercedes,197.0,5.0,1.0
56,11128,2014,6,red_bull,84.0,0.0,2.0
57,11129,2014,6,ferrari,66.0,0.0,3.0
58,11130,2014,6,force_india,57.0,0.0,4.0
59,11131,2014,6,mclaren,43.0,0.0,6.0
60,11132,2014,6,williams,46.0,0.0,5.0
61,11133,2014,6,lotus_f1,4.0,0.0,8.0
62,11134,2014,6,toro_rosso,8.0,0.0,7.0
63,11135,2014,6,marussia,0.0,0.0,10.0
64,11136,2014,6,sauber,0.0,0.0,9.0
65,11137,2014,6,caterham,0.0,0.0,11.0
66,11138,2014,7,mercedes,240.0,6.0,1.0
67,11139,2014,7,red_bull,99.0,0.0,2.0
68,11140,2014,7,ferrari,78.0,0.0,3.0
69,11141,2014,7,force_india,67.0,0.0,4.0
70,11142,2014,7,mclaren,52.0,0.0,5.0
71,11143,2014,7,williams,52.0,0.0,6.0
72,11144,2014,7,toro_rosso,8.0,0.0,8.0
73,11145,2014,7,lotus_f1,8.0,0.0,7.0
74,11146,2014,7,marussia,2.0,0.0,9.0
75,11147,2014,7,sauber,0.0,0.0,10.0
76,11148,2014,7,caterham,0.0,0.0,11.0
77,11149,2014,8,mercedes,258.0,6.0,1.0
78,11150,2014,8,red_bull,139.0,1.0,2.0
79,11151,2014,8,ferrari,87.0,0.0,3.0
80,11152,2014,8,force_india,77.0,0.0,4.0
81,11153,2014,8,williams,58.0,0.0,6.0
82,11154,2014,8,mclaren,66.0,0.0,5.0
83,11155,2014,8,toro_rosso,12.0,0.0,7.0
84,11156,2014,8,lotus_f1,8.0,0.0,8.0
85,11157,2014,8,marussia,2.0,0.0,9.0
86,11158,2014,8,sauber,0.0,0.0,10.0
87,11159,2014,8,caterham,0.0,0.0,11.0
88,11160,2014,9,mercedes,301.0,7.0,1.0
89,11161,2014,9,red_bull,143.0,1.0,2.0
90,11162,2014,9,ferrari,98.0,0.0,3.0
91,11163,2014,9,williams,85.0,0.0,5.0
92,11164,2014,9,force_india,87.0,0.0,4.0
93,11165,2014,9,mclaren,72.0,0.0,6.0
94,11166,2014,9,toro_rosso,12.0,0.0,7.0
95,11167,2014,9,lotus_f1,8.0,0.0,8.0
96,11168,2014,9,marussia,2.0,0.0,9.0
97,11169,2014,9,sauber,0.0,0.0,10.0
98,11170,2014,9,caterham,0.0,0.0,11.0
99,11171,2014,10,mercedes,326.0,8.0,1.0
100,11172,2014,10,red_bull,168.0,1.0,2.0
101,11173,2014,10,williams,103.0,0.0,4.0
102,11174,2014,10,ferrari,106.0,0.0,3.0
103,11175,2014,10,force_india,91.0,0.0,5.0
104,11176,2014,10,mclaren,90.0,0.0,6.0
105,11177,2014,10,toro_rosso,15.0,0.0,7.0
106,11178,2014,10,lotus_f1,8.0,0.0,8.0
107,11179,2014,10,marussia,2.0,0.0,9.0
108,11180,2014,10,sauber,0.0,0.0,10.0
109,11181,2014,10,caterham,0.0,0.0,11.0
110,11182,2014,11,mercedes,366.0,9.0,1.0
111,11183,2014,11,red_bull,188.0,1.0,2.0
112,11184,2014,11,ferrari,116.0,0.0,4.0
113,11185,2014,11,williams,121.0,0.0,3.0
114,11186,2014,11,force_india,98.0,0.0,5.0
115,11187,2014,11,mclaren,96.0,0.0,6.0
116,11188,2014,11,toro_rosso,15.0,0.0,7.0
117,11189,2014,11,lotus_f1,8.0,0.0,8.0
118,11190,2014,11,marussia,2.0,0.0,9.0
119,11191,2014,11,sauber,0.0,0.0,10.0
120,11192,2014,11,caterham,0.0,0.0,11.0
121,11193,2014,12,mercedes,393.0,9.0,1.0
122,11194,2014,12,red_bull,219.0,2.0,2.0
123,11195,2014,12,ferrari,142.0,0.0,3.0
124,11196,2014,12,williams,135.0,0.0,4.0
125,11197,2014,12,mclaren,97.0,0.0,6.0
126,11198,2014,12,force_india,98.0,0.0,5.0
127,11199,2014,12,toro_rosso,17.0,0.0,7.0
128,11200,2014,12,lotus_f1,8.0,0.0,8.0
129,11201,2014,12,marussia,2.0,0.0,9.0
130,11202,2014,12,sauber,0.0,0.0,10.0
131,11203,2014,12,caterham,0.0,0.0,11.0
132,11204,2014,13,mercedes,411.0,9.0,1.0
133,11205,2014,13,red_bull,254.0,3.0,2.0
134,11206,2014,13,williams,150.0,0.0,4.0
135,11207,2014,13,ferrari,160.0,0.0,3.0
136,11208,2014,13,mclaren,105.0,0.0,5.0
137,11209,2014,13,force_india,103.0,0.0,6.0
138,11210,2014,13,toro_rosso,19.0,0.0,7.0
139,11211,2014,13,lotus_f1,8.0,0.0,8.0
140,11212,2014,13,marussia,2.0,0.0,9.0
141,11213,2014,13,sauber,0.0,0.0,10.0
142,11214,2014,13,caterham,0.0,0.0,11.0
143,11215,2014,14,mercedes,454.0,10.0,1.0
144,11216,2014,14,red_bull,272.0,3.0,2.0
145,11217,2014,14,williams,177.0,0.0,3.0
146,11218,2014,14,ferrari,162.0,0.0,4.0
147,11219,2014,14,force_india,109.0,0.0,6.0
148,11220,2014,14,mclaren,110.0,0.0,5.0
149,11221,2014,14,toro_rosso,19.0,0.0,7.0
150,11222,2014,14,lotus_f1,8.0,0.0,8.0
151,11223,2014,14,marussia,2.0,0.0,9.0
152,11224,2014,14,sauber,0.0,0.0,10.0
153,11225,2014,14,caterham,0.0,0.0,11.0
154,11226,2014,15,mercedes,479.0,11.0,1.0
155,11227,2014,15,red_bull,305.0,3.0,2.0
156,11228,2014,15,williams,187.0,0.0,3.0
157,11229,2014,15,ferrari,178.0,0.0,4.0
158,11230,2014,15,force_india,117.0,0.0,5.0
159,11231,2014,15,mclaren,111.0,0.0,6.0
160,11232,2014,15,toro_rosso,27.0,0.0,7.0
161,11233,2014,15,lotus_f1,8.0,0.0,8.0
162,11234,2014,15,marussia,2.0,0.0,9.0
163,11235,2014,15,sauber,0.0,0.0,10.0
164,11236,2014,15,caterham,0.0,0.0,11.0
165,11237,2014,16,mercedes,522.0,12.0,1.0
166,11238,2014,16,red_bull,332.0,3.0,2.0
167,11239,2014,16,williams,201.0,0.0,3.0
168,11240,2014,16,ferrari,178.0,0.0,4.0
169,11241,2014,16,mclaren,121.0,0.0,6.0
170,11242,2014,16,force_india,122.0,0.0,5.0
171,11243,2014,16,toro_rosso,29.0,0.0,7.0
172,11244,2014,16,lotus_f1,8.0,0.0,8.0
173,11245,2014,16,marussia,2.0,0.0,9.0
174,11246,2014,16,sauber,0.0,0.0,10.0
175,11247,2014,16,caterham,0.0,0.0,11.0
176,11248,2014,17,mercedes,565.0,13.0,1.0
177,11249,2014,17,red_bull,342.0,3.0,2.0
178,11250,2014,17,williams,216.0,0.0,3.0
179,11251,2014,17,ferrari,188.0,0.0,4.0
180,11252,2014,17,mclaren,143.0,0.0,5.0
181,11253,2014,17,force_india,123.0,0.0,6.0
182,11254,2014,17,toro_rosso,29.0,0.0,7.0
183,11255,2014,17,lotus_f1,8.0,0.0,8.0
184,11256,2014,17,marussia,2.0,0.0,9.0
185,11257,2014,17,sauber,0.0,0.0,10.0
186,11258,2014,17,caterham,0.0,0.0,11.0
187,11259,2014,18,mercedes,608.0,14.0,1.0
188,11260,2014,18,red_bull,363.0,3.0,2.0
189,11261,2014,18,williams,238.0,0.0,3.0
190,11262,2014,18,ferrari,196.0,0.0,4.0
191,11263,2014,18,mclaren,147.0,0.0,5.0
192,11264,2014,18,force_india,123.0,0.0,6.0
193,11265,2014,18,toro_rosso,30.0,0.0,7.0
194,11266,2014,18,lotus_f1,10.0,0.0,8.0
195,11267,2014,18,marussia,2.0,0.0,9.0
196,11268,2014,18,sauber,0.0,0.0,10.0
197,11269,2014,18,caterham,0.0,0.0,11.0
198,11270,2014,19,mercedes,651.0,15.0,1.0
199,11271,2014,19,red_bull,373.0,3.0,2.0
200,11272,2014,19,williams,254.0,0.0,3.0
201,11273,2014,19,ferrari,210.0,0.0,4.0
202,11274,2014,19,mclaren,161.0,0.0,5.0
203,11275,2014,19,force_india,127.0,0.0,6.0
204,11276,2014,19,toro_rosso,30.0,0.0,7.0
205,11277,2014,19,lotus_f1,10.0,0.0,8.0
206,11278,2014,19,marussia,2.0,0.0,9.0
207,11279,2014,19,sauber,0.0,0.0,10.0
208,11280,2014,19,caterham,0.0,0.0,11.0
209,11281,2015,1,mercedes,0.0,0.0,0.0
210,11282,2015,1,ferrari,0.0,0.0,0.0
211,11283,2015,1,sauber,0.0,0.0,0.0
212,11284,2015,1,williams,0.0,0.0,0.0
213,11285,2015,1,red_bull,0.0,0.0,0.0
214,11286,2015,1,force_india,0.0,0.0,0.0
215,11287,2015,1,toro_rosso,0.0,0.0,0.0
216,11288,2015,1,mclaren,0.0,0.0,0.0
217,11289,2015,1,lotus_f1,0.0,0.0,0.0
218,11290,2015,2,mercedes,43.0,1.0,1.0
219,11291,2015,2,ferrari,15.0,0.0,2.0
220,11292,2015,2,williams,12.0,0.0,4.0
221,11293,2015,2,sauber,14.0,0.0,3.0
222,11294,2015,2,toro_rosso,2.0,0.0,7.0
223,11295,2015,2,red_bull,8.0,0.0,5.0
224,11296,2015,2,force_india,7.0,0.0,6.0
225,11297,2015,2,lotus_f1,0.0,0.0,9.0
226,11298,2015,2,mclaren,0.0,0.0,8.0
227,11299,2015,2,manor,0.0,0.0,0.0
228,11300,2015,3,mercedes,76.0,1.0,1.0
229,11301,2015,3,ferrari,52.0,1.0,2.0
230,11302,2015,3,williams,30.0,0.0,3.0
231,11303,2015,3,sauber,14.0,0.0,4.0
232,11304,2015,3,red_bull,11.0,0.0,6.0
233,11305,2015,3,toro_rosso,12.0,0.0,5.0
234,11306,2015,3,force_india,7.0,0.0,7.0
235,11307,2015,3,lotus_f1,0.0,0.0,8.0
236,11308,2015,3,mclaren,0.0,0.0,9.0
237,11309,2015,3,manor,0.0,0.0,10.0
238,11310,2015,4,mercedes,119.0,2.0,1.0
239,11311,2015,4,ferrari,79.0,1.0,2.0
240,11312,2015,4,williams,48.0,0.0,3.0
241,11313,2015,4,red_bull,13.0,0.0,5.0
242,11314,2015,4,sauber,19.0,0.0,4.0
243,11315,2015,4,lotus_f1,6.0,0.0,8.0
244,11316,2015,4,toro_rosso,12.0,0.0,6.0
245,11317,2015,4,force_india,7.0,0.0,7.0
246,11318,2015,4,mclaren,0.0,0.0,9.0
247,11319,2015,4,manor,0.0,0.0,10.0
248,11320,2015,5,mercedes,159.0,3.0,1.0
249,11321,2015,5,ferrari,107.0,1.0,2.0
250,11322,2015,5,williams,61.0,0.0,3.0
251,11323,2015,5,red_bull,23.0,0.0,4.0
252,11324,2015,5,sauber,19.0,0.0,5.0
253,11325,2015,5,lotus_f1,12.0,0.0,6.0
254,11326,2015,5,toro_rosso,12.0,0.0,7.0
255,11327,2015,5,force_india,11.0,0.0,8.0
256,11328,2015,5,mclaren,0.0,0.0,9.0
257,11329,2015,5,manor,0.0,0.0,10.0
258,11330,2015,6,mercedes,202.0,4.0,1.0
259,11331,2015,6,ferrari,132.0,1.0,2.0
260,11332,2015,6,williams,81.0,0.0,3.0
261,11333,2015,6,red_bull,30.0,0.0,4.0
262,11334,2015,6,sauber,19.0,0.0,5.0
263,11335,2015,6,force_india,11.0,0.0,8.0
264,11336,2015,6,lotus_f1,16.0,0.0,6.0
265,11337,2015,6,toro_rosso,14.0,0.0,7.0
266,11338,2015,6,mclaren,0.0,0.0,9.0
267,11339,2015,6,manor,0.0,0.0,10.0
268,11340,2015,7,mercedes,242.0,5.0,1.0
269,11341,2015,7,ferrari,158.0,1.0,2.0
270,11342,2015,7,williams,81.0,0.0,3.0
271,11343,2015,7,red_bull,52.0,0.0,4.0
272,11344,2015,7,lotus_f1,16.0,0.0,7.0
273,11345,2015,7,sauber,21.0,0.0,5.0
274,11346,2015,7,force_india,17.0,0.0,6.0
275,11347,2015,7,toro_rosso,15.0,0.0,8.0
276,11348,2015,7,mclaren,4.0,0.0,9.0
277,11349,2015,7,manor,0.0,0.0,10.0
278,11350,2015,8,mercedes,285.0,6.0,1.0
279,11351,2015,8,ferrari,180.0,1.0,2.0
280,11352,2015,8,williams,104.0,0.0,3.0
281,11353,2015,8,red_bull,54.0,0.0,4.0
282,11354,2015,8,force_india,21.0,0.0,7.0
283,11355,2015,8,lotus_f1,23.0,0.0,5.0
284,11356,2015,8,sauber,21.0,0.0,6.0
285,11357,2015,8,toro_rosso,15.0,0.0,8.0
286,11358,2015,8,mclaren,4.0,0.0,9.0
287,11359,2015,8,manor,0.0,0.0,10.0
288,11360,2015,9,mercedes,328.0,7.0,1.0
289,11361,2015,9,ferrari,192.0,1.0,2.0
290,11362,2015,9,williams,129.0,0.0,3.0
291,11363,2015,9,red_bull,55.0,0.0,4.0
292,11364,2015,9,force_india,31.0,0.0,5.0
293,11365,2015,9,lotus_f1,29.0,0.0,6.0
294,11366,2015,9,sauber,21.0,0.0,7.0
295,11367,2015,9,toro_rosso,19.0,0.0,8.0
296,11368,2015,9,mclaren,4.0,0.0,9.0
297,11369,2015,9,manor,0.0,0.0,10.0
298,11370,2015,10,mercedes,371.0,8.0,1.0
299,11371,2015,10,ferrari,211.0,1.0,2.0
300,11372,2015,10,williams,151.0,0.0,3.0
301,11373,2015,10,red_bull,63.0,0.0,4.0
302,11374,2015,10,force_india,39.0,0.0,5.0
303,11375,2015,10,lotus_f1,29.0,0.0,6.0
304,11376,2015,10,toro_rosso,19.0,0.0,8.0
305,11377,2015,10,sauber,21.0,0.0,7.0
306,11378,2015,10,mclaren,5.0,0.0,9.0
307,11379,2015,10,manor,0.0,0.0,10.0
308,11380,2015,11,mercedes,383.0,8.0,1.0
309,11381,2015,11,ferrari,236.0,2.0,2.0
310,11382,2015,11,williams,151.0,0.0,3.0
311,11383,2015,11,red_bull,96.0,0.0,4.0
312,11384,2015,11,lotus_f1,35.0,0.0,6.0
313,11385,2015,11,force_india,39.0,0.0,5.0
314,11386,2015,11,toro_rosso,31.0,0.0,7.0
315,11387,2015,11,sauber,22.0,0.0,8.0
316,11388,2015,11,mclaren,17.0,0.0,9.0
317,11389,2015,11,manor,0.0,0.0,10.0
318,11390,2015,12,mercedes,426.0,9.0,1.0
319,11391,2015,12,ferrari,242.0,2.0,2.0
320,11392,2015,12,williams,161.0,0.0,3.0
321,11393,2015,12,red_bull,108.0,0.0,4.0
322,11394,2015,12,force_india,49.0,0.0,6.0
323,11395,2015,12,lotus_f1,50.0,0.0,5.0
324,11396,2015,12,toro_rosso,35.0,0.0,7.0
325,11397,2015,12,sauber,23.0,0.0,8.0
326,11398,2015,12,mclaren,17.0,0.0,9.0
327,11399,2015,12,manor,0.0,0.0,10.0
328,11400,2015,13,mercedes,451.0,10.0,1.0
329,11401,2015,13,ferrari,270.0,2.0,2.0
330,11402,2015,13,williams,188.0,0.0,3.0
331,11403,2015,13,red_bull,113.0,0.0,4.0
332,11404,2015,13,force_india,63.0,0.0,5.0
333,11405,2015,13,lotus_f1,50.0,0.0,6.0
334,11406,2015,13,toro_rosso,35.0,0.0,7.0
335,11407,2015,13,sauber,25.0,0.0,8.0
336,11408,2015,13,mclaren,17.0,0.0,9.0
337,11409,2015,13,manor,0.0,0.0,10.0
338,11410,2015,14,mercedes,463.0,10.0,1.0
339,11411,2015,14,ferrari,310.0,3.0,2.0
340,11412,2015,14,williams,198.0,0.0,3.0
341,11413,2015,14,red_bull,139.0,0.0,4.0
342,11414,2015,14,force_india,69.0,0.0,5.0
343,11415,2015,14,lotus_f1,50.0,0.0,6.0
344,11416,2015,14,toro_rosso,41.0,0.0,7.0
345,11417,2015,14,sauber,26.0,0.0,8.0
346,11418,2015,14,mclaren,17.0,0.0,9.0
347,11419,2015,14,manor,0.0,0.0,10.0
348,11420,2015,15,mercedes,506.0,11.0,1.0
349,11421,2015,15,ferrari,337.0,3.0,2.0
350,11422,2015,15,williams,208.0,0.0,3.0
351,11423,2015,15,red_bull,139.0,0.0,4.0
352,11424,2015,15,force_india,77.0,0.0,5.0
353,11425,2015,15,lotus_f1,60.0,0.0,6.0
354,11426,2015,15,toro_rosso,44.0,0.0,7.0
355,11427,2015,15,sauber,26.0,0.0,8.0
356,11428,2015,15,mclaren,17.0,0.0,9.0
357,11429,2015,15,manor,0.0,0.0,10.0
358,11430,2015,16,mercedes,531.0,12.0,1.0
359,11431,2015,16,ferrari,359.0,3.0,2.0
360,11432,2015,16,williams,220.0,0.0,3.0
361,11433,2015,16,red_bull,149.0,0.0,4.0
362,11434,2015,16,force_india,92.0,0.0,5.0
363,11435,2015,16,lotus_f1,66.0,0.0,6.0
364,11436,2015,16,toro_rosso,45.0,0.0,7.0
365,11437,2015,16,sauber,34.0,0.0,8.0
366,11438,2015,16,mclaren,19.0,0.0,9.0
367,11439,2015,16,manor,0.0,0.0,10.0
368,11440,2015,17,mercedes,574.0,13.0,1.0
369,11441,2015,17,ferrari,374.0,3.0,2.0
370,11442,2015,17,williams,220.0,0.0,3.0
371,11443,2015,17,red_bull,150.0,0.0,4.0
372,11444,2015,17,force_india,102.0,0.0,5.0
373,11445,2015,17,lotus_f1,70.0,0.0,6.0
374,11446,2015,17,toro_rosso,63.0,0.0,7.0
375,11447,2015,17,sauber,36.0,0.0,8.0
376,11448,2015,17,mclaren,27.0,0.0,9.0
377,11449,2015,17,manor,0.0,0.0,10.0
378,11450,2015,18,mercedes,617.0,14.0,1.0
379,11451,2015,18,ferrari,374.0,3.0,2.0
380,11452,2015,18,williams,243.0,0.0,3.0
381,11453,2015,18,red_bull,172.0,0.0,4.0
382,11454,2015,18,force_india,112.0,0.0,5.0
383,11455,2015,18,lotus_f1,71.0,0.0,6.0
384,11456,2015,18,toro_rosso,65.0,0.0,7.0
385,11457,2015,18,sauber,36.0,0.0,8.0
386,11458,2015,18,mclaren,27.0,0.0,9.0
387,11459,2015,18,manor,0.0,0.0,10.0
388,11460,2015,19,mercedes,660.0,15.0,1.0
389,11461,2015,19,ferrari,401.0,3.0,2.0
390,11462,2015,19,williams,253.0,0.0,3.0
391,11463,2015,19,red_bull,178.0,0.0,4.0
392,11464,2015,19,force_india,120.0,0.0,5.0
393,11465,2015,19,lotus_f1,76.0,0.0,6.0
394,11466,2015,19,toro_rosso,67.0,0.0,7.0
395,11467,2015,19,sauber,36.0,0.0,8.0
396,11468,2015,19,mclaren,27.0,0.0,9.0
397,11469,2015,19,manor,0.0,0.0,10.0
398,11470,2016,1,mercedes,0.0,0.0,0.0
399,11471,2016,1,ferrari,0.0,0.0,0.0
400,11472,2016,1,williams,0.0,0.0,0.0
401,11473,2016,1,red_bull,0.0,0.0,0.0
402,11474,2016,1,haas,0.0,0.0,0.0
403,11475,2016,1,force_india,0.0,0.0,0.0
404,11476,2016,1,toro_rosso,0.0,0.0,0.0
405,11477,2016,1,renault,0.0,0.0,0.0
406,11478,2016,1,mclaren,0.0,0.0,0.0
407,11479,2016,1,sauber,0.0,0.0,0.0
408,11480,2016,1,manor,0.0,0.0,0.0
409,11481,2016,2,mercedes,43.0,1.0,1.0
410,11482,2016,2,ferrari,15.0,0.0,2.0
411,11483,2016,2,red_bull,12.0,0.0,4.0
412,11484,2016,2,williams,14.0,0.0,3.0
413,11485,2016,2,haas,8.0,0.0,5.0
414,11486,2016,2,toro_rosso,3.0,0.0,7.0
415,11487,2016,2,force_india,6.0,0.0,6.0
416,11488,2016,2,mclaren,0.0,0.0,9.0
417,11489,2016,2,renault,0.0,0.0,8.0
418,11490,2016,2,sauber,0.0,0.0,10.0
419,11491,2016,2,manor,0.0,0.0,11.0
420,11492,2016,3,mercedes,83.0,2.0,1.0
421,11493,2016,3,ferrari,33.0,0.0,2.0
422,11494,2016,3,red_bull,30.0,0.0,3.0
423,11495,2016,3,williams,20.0,0.0,4.0
424,11496,2016,3,haas,18.0,0.0,5.0
425,11497,2016,3,toro_rosso,11.0,0.0,6.0
426,11498,2016,3,force_india,6.0,0.0,7.0
427,11499,2016,3,mclaren,1.0,0.0,8.0
428,11500,2016,3,renault,0.0,0.0,9.0
429,11501,2016,3,sauber,0.0,0.0,10.0
430,11502,2016,3,manor,0.0,0.0,11.0
431,11503,2016,4,mercedes,114.0,3.0,1.0
432,11504,2016,4,ferrari,61.0,0.0,2.0
433,11505,2016,4,red_bull,57.0,0.0,3.0
434,11506,2016,4,williams,29.0,0.0,4.0
435,11507,2016,4,haas,18.0,0.0,5.0
436,11508,2016,4,toro_rosso,17.0,0.0,6.0
437,11509,2016,4,mclaren,1.0,0.0,8.0
438,11510,2016,4,force_india,6.0,0.0,7.0
439,11511,2016,4,renault,0.0,0.0,9.0
440,11512,2016,4,sauber,0.0,0.0,10.0
441,11513,2016,4,manor,0.0,0.0,11.0
442,11514,2016,5,mercedes,157.0,4.0,1.0
443,11515,2016,5,ferrari,76.0,0.0,2.0
444,11516,2016,5,red_bull,57.0,0.0,3.0
445,11517,2016,5,williams,51.0,0.0,4.0
446,11518,2016,5,toro_rosso,17.0,0.0,6.0
447,11519,2016,5,haas,22.0,0.0,5.0
448,11520,2016,5,force_india,8.0,0.0,8.0
449,11521,2016,5,mclaren,10.0,0.0,7.0
450,11522,2016,5,renault,6.0,0.0,9.0
451,11523,2016,5,sauber,0.0,0.0,10.0
452,11524,2016,5,manor,0.0,0.0,11.0
453,11525,2016,6,mercedes,157.0,4.0,1.0
454,11526,2016,6,ferrari,109.0,0.0,2.0
455,11527,2016,6,red_bull,94.0,1.0,3.0
456,11528,2016,6,williams,65.0,0.0,4.0
457,11529,2016,6,force_india,14.0,0.0,7.0
458,11530,2016,6,toro_rosso,26.0,0.0,5.0
459,11531,2016,6,mclaren,12.0,0.0,8.0
460,11532,2016,6,haas,22.0,0.0,6.0
461,11533,2016,6,renault,6.0,0.0,9.0
462,11534,2016,6,sauber,0.0,0.0,10.0
463,11535,2016,6,manor,0.0,0.0,11.0
464,11536,2016,7,mercedes,188.0,5.0,1.0
465,11537,2016,7,ferrari,121.0,0.0,2.0
466,11538,2016,7,red_bull,112.0,1.0,3.0
467,11539,2016,7,williams,66.0,0.0,4.0
468,11540,2016,7,force_india,37.0,0.0,5.0
469,11541,2016,7,toro_rosso,30.0,0.0,6.0
470,11542,2016,7,mclaren,24.0,0.0,7.0
471,11543,2016,7,haas,22.0,0.0,8.0
472,11544,2016,7,renault,6.0,0.0,9.0
473,11545,2016,7,sauber,0.0,0.0,10.0
474,11546,2016,7,manor,0.0,0.0,11.0
475,11547,2016,8,mercedes,223.0,6.0,1.0
476,11548,2016,8,ferrari,147.0,0.0,2.0
477,11549,2016,8,red_bull,130.0,1.0,3.0
478,11550,2016,8,williams,81.0,0.0,4.0
479,11551,2016,8,force_india,42.0,0.0,5.0
480,11552,2016,8,toro_rosso,32.0,0.0,6.0
481,11553,2016,8,mclaren,24.0,0.0,7.0
482,11554,2016,8,haas,22.0,0.0,8.0
483,11555,2016,8,renault,6.0,0.0,9.0
484,11556,2016,8,sauber,0.0,0.0,10.0
485,11557,2016,8,manor,0.0,0.0,11.0
486,11558,2016,9,mercedes,258.0,7.0,1.0
487,11559,2016,9,ferrari,177.0,0.0,2.0
488,11560,2016,9,red_bull,140.0,1.0,3.0
489,11561,2016,9,williams,90.0,0.0,4.0
490,11562,2016,9,force_india,59.0,0.0,5.0
491,11563,2016,9,toro_rosso,32.0,0.0,6.0
492,11564,2016,9,mclaren,24.0,0.0,7.0
493,11565,2016,9,haas,22.0,0.0,8.0
494,11566,2016,9,renault,6.0,0.0,9.0
495,11567,2016,9,manor,0.0,0.0,11.0
496,11568,2016,9,sauber,0.0,0.0,10.0
497,11569,2016,10,mercedes,295.0,8.0,1.0
498,11570,2016,10,ferrari,192.0,0.0,2.0
499,11571,2016,10,red_bull,168.0,1.0,3.0
500,11572,2016,10,williams,92.0,0.0,4.0
501,11573,2016,10,force_india,59.0,0.0,5.0
502,11574,2016,10,toro_rosso,36.0,0.0,6.0
503,11575,2016,10,mclaren,32.0,0.0,7.0
504,11576,2016,10,haas,28.0,0.0,8.0
505,11577,2016,10,renault,6.0,0.0,9.0
506,11578,2016,10,manor,1.0,0.0,10.0
507,11579,2016,10,sauber,0.0,0.0,11.0
508,11580,2016,11,mercedes,335.0,9.0,1.0
509,11581,2016,11,ferrari,204.0,0.0,2.0
510,11582,2016,11,red_bull,198.0,1.0,3.0
511,11583,2016,11,williams,92.0,0.0,4.0
512,11584,2016,11,force_india,73.0,0.0,5.0
513,11585,2016,11,toro_rosso,41.0,0.0,6.0
514,11586,2016,11,mclaren,32.0,0.0,7.0
515,11587,2016,11,haas,28.0,0.0,8.0
516,11588,2016,11,renault,6.0,0.0,9.0
517,11589,2016,11,manor,1.0,0.0,10.0
518,11590,2016,11,sauber,0.0,0.0,11.0
519,11591,2016,12,mercedes,378.0,10.0,1.0
520,11592,2016,12,red_bull,223.0,1.0,3.0
521,11593,2016,12,ferrari,224.0,0.0,2.0
522,11594,2016,12,williams,94.0,0.0,4.0
523,11595,2016,12,force_india,74.0,0.0,5.0
524,11596,2016,12,toro_rosso,45.0,0.0,6.0
525,11597,2016,12,mclaren,38.0,0.0,7.0
526,11598,2016,12,haas,28.0,0.0,8.0
527,11599,2016,12,renault,6.0,0.0,9.0
528,11600,2016,12,manor,1.0,0.0,10.0
529,11601,2016,12,sauber,0.0,0.0,11.0
530,11602,2016,13,mercedes,415.0,11.0,1.0
531,11603,2016,13,red_bull,256.0,1.0,2.0
532,11604,2016,13,ferrari,242.0,0.0,3.0
533,11605,2016,13,force_india,81.0,0.0,5.0
534,11606,2016,13,williams,96.0,0.0,4.0
535,11607,2016,13,mclaren,42.0,0.0,7.0
536,11608,2016,13,toro_rosso,45.0,0.0,6.0
537,11609,2016,13,haas,28.0,0.0,8.0
538,11610,2016,13,renault,6.0,0.0,9.0
539,11611,2016,13,manor,1.0,0.0,10.0
540,11612,2016,13,sauber,0.0,0.0,11.0
541,11613,2016,14,mercedes,455.0,12.0,1.0
542,11614,2016,14,red_bull,274.0,1.0,2.0
543,11615,2016,14,ferrari,252.0,0.0,3.0
544,11616,2016,14,williams,101.0,0.0,5.0
545,11617,2016,14,force_india,103.0,0.0,4.0
546,11618,2016,14,mclaren,48.0,0.0,6.0
547,11619,2016,14,toro_rosso,45.0,0.0,7.0
548,11620,2016,14,haas,28.0,0.0,8.0
549,11621,2016,14,renault,6.0,0.0,9.0
550,11622,2016,14,manor,1.0,0.0,10.0
551,11623,2016,14,sauber,0.0,0.0,11.0
552,11624,2016,15,mercedes,498.0,13.0,1.0
553,11625,2016,15,red_bull,290.0,1.0,2.0
554,11626,2016,15,ferrari,279.0,0.0,3.0
555,11627,2016,15,force_india,108.0,0.0,5.0
556,11628,2016,15,williams,111.0,0.0,4.0
557,11629,2016,15,mclaren,48.0,0.0,6.0
558,11630,2016,15,toro_rosso,45.0,0.0,7.0
559,11631,2016,15,haas,28.0,0.0,8.0
560,11632,2016,15,renault,6.0,0.0,9.0
561,11633,2016,15,manor,1.0,0.0,10.0
562,11634,2016,15,sauber,0.0,0.0,11.0
563,11635,2016,16,mercedes,538.0,14.0,1.0
564,11636,2016,16,red_bull,316.0,1.0,2.0
565,11637,2016,16,ferrari,301.0,0.0,3.0
566,11638,2016,16,force_india,112.0,0.0,4.0
567,11639,2016,16,williams,111.0,0.0,5.0
568,11640,2016,16,mclaren,54.0,0.0,6.0
569,11641,2016,16,toro_rosso,47.0,0.0,7.0
570,11642,2016,16,haas,28.0,0.0,8.0
571,11643,2016,16,renault,7.0,0.0,9.0
572,11644,2016,16,manor,1.0,0.0,10.0
573,11645,2016,16,sauber,0.0,0.0,11.0
574,11646,2016,17,mercedes,553.0,14.0,1.0
575,11647,2016,17,red_bull,359.0,2.0,2.0
576,11648,2016,17,ferrari,313.0,0.0,3.0
577,11649,2016,17,force_india,124.0,0.0,4.0
578,11650,2016,17,williams,121.0,0.0,5.0
579,11651,2016,17,mclaren,62.0,0.0,6.0
580,11652,2016,17,toro_rosso,47.0,0.0,7.0
581,11653,2016,17,haas,28.0,0.0,8.0
582,11654,2016,17,renault,8.0,0.0,9.0
583,11655,2016,17,manor,1.0,0.0,10.0
584,11656,2016,17,sauber,0.0,0.0,11.0
585,11657,2016,18,mercedes,593.0,15.0,1.0
586,11658,2016,18,red_bull,385.0,2.0,2.0
587,11659,2016,18,ferrari,335.0,0.0,3.0
588,11660,2016,18,force_india,134.0,0.0,4.0
589,11661,2016,18,williams,124.0,0.0,5.0
590,11662,2016,18,mclaren,62.0,0.0,6.0
591,11663,2016,18,toro_rosso,47.0,0.0,7.0
592,11664,2016,18,haas,28.0,0.0,8.0
593,11665,2016,18,renault,8.0,0.0,9.0
594,11666,2016,18,manor,1.0,0.0,10.0
595,11667,2016,18,sauber,0.0,0.0,11.0
596,11668,2016,19,mercedes,636.0,16.0,1.0
597,11669,2016,19,red_bull,400.0,2.0,2.0
598,11670,2016,19,ferrari,347.0,0.0,3.0
599,11671,2016,19,force_india,138.0,0.0,4.0
600,11672,2016,19,williams,130.0,0.0,5.0
601,11673,2016,19,mclaren,74.0,0.0,6.0
602,11674,2016,19,toro_rosso,55.0,0.0,7.0
603,11675,2016,19,haas,29.0,0.0,8.0
604,11676,2016,19,renault,8.0,0.0,9.0
605,11677,2016,19,manor,1.0,0.0,10.0
606,11678,2016,19,sauber,0.0,0.0,11.0
607,11679,2016,20,mercedes,679.0,17.0,1.0
608,11680,2016,20,red_bull,427.0,2.0,2.0
609,11681,2016,20,ferrari,365.0,0.0,3.0
610,11682,2016,20,force_india,145.0,0.0,4.0
611,11683,2016,20,williams,136.0,0.0,5.0
612,11684,2016,20,mclaren,74.0,0.0,6.0
613,11685,2016,20,toro_rosso,55.0,0.0,7.0
614,11686,2016,20,haas,29.0,0.0,8.0
615,11687,2016,20,renault,8.0,0.0,9.0
616,11688,2016,20,sauber,0.0,0.0,11.0
617,11689,2016,20,manor,1.0,0.0,10.0
618,11690,2016,21,mercedes,722.0,18.0,1.0
619,11691,2016,21,red_bull,446.0,2.0,2.0
620,11692,2016,21,ferrari,375.0,0.0,3.0
621,11693,2016,21,force_india,163.0,0.0,4.0
622,11694,2016,21,williams,136.0,0.0,5.0
623,11695,2016,21,mclaren,75.0,0.0,6.0
624,11696,2016,21,toro_rosso,63.0,0.0,7.0
625,11697,2016,21,haas,29.0,0.0,8.0
626,11698,2016,21,renault,8.0,0.0,9.0
627,11699,2016,21,sauber,2.0,0.0,10.0
628,11700,2016,21,manor,1.0,0.0,11.0
629,11701,2017,1,ferrari,0.0,0.0,0.0
630,11702,2017,1,mercedes,0.0,0.0,0.0
631,11703,2017,1,red_bull,0.0,0.0,0.0
632,11704,2017,1,williams,0.0,0.0,0.0
633,11705,2017,1,force_india,0.0,0.0,0.0
634,11706,2017,1,toro_rosso,0.0,0.0,0.0
635,11707,2017,1,renault,0.0,0.0,0.0
636,11708,2017,1,sauber,0.0,0.0,0.0
637,11709,2017,1,mclaren,0.0,0.0,0.0
638,11710,2017,1,haas,0.0,0.0,0.0
639,11711,2017,2,mercedes,33.0,0.0,2.0
640,11712,2017,2,ferrari,37.0,1.0,1.0
641,11713,2017,2,red_bull,10.0,0.0,3.0
642,11714,2017,2,toro_rosso,6.0,0.0,6.0
643,11715,2017,2,force_india,7.0,0.0,5.0
644,11716,2017,2,williams,8.0,0.0,4.0
645,11717,2017,2,haas,0.0,0.0,10.0
646,11718,2017,2,renault,0.0,0.0,7.0
647,11719,2017,2,sauber,0.0,0.0,8.0
648,11720,2017,2,mclaren,0.0,0.0,9.0
649,11721,2017,3,ferrari,65.0,1.0,2.0
650,11722,2017,3,mercedes,66.0,1.0,1.0
651,11723,2017,3,red_bull,37.0,0.0,3.0
652,11724,2017,3,force_india,10.0,0.0,5.0
653,11725,2017,3,williams,8.0,0.0,6.0
654,11726,2017,3,toro_rosso,12.0,0.0,4.0
655,11727,2017,3,haas,4.0,0.0,7.0
656,11728,2017,3,renault,0.0,0.0,8.0
657,11729,2017,3,sauber,0.0,0.0,9.0
658,11730,2017,3,mclaren,0.0,0.0,10.0
659,11731,2017,4,mercedes,99.0,1.0,2.0
660,11732,2017,4,ferrari,102.0,2.0,1.0
661,11733,2017,4,red_bull,47.0,0.0,3.0
662,11734,2017,4,force_india,17.0,0.0,4.0
663,11735,2017,4,williams,16.0,0.0,5.0
664,11736,2017,4,toro_rosso,12.0,0.0,6.0
665,11737,2017,4,haas,8.0,0.0,7.0
666,11738,2017,4,renault,2.0,0.0,8.0
667,11739,2017,4,sauber,0.0,0.0,9.0
668,11740,2017,4,mclaren,0.0,0.0,10.0
669,11741,2017,5,mercedes,136.0,2.0,1.0
670,11742,2017,5,ferrari,135.0,2.0,2.0
671,11743,2017,5,red_bull,57.0,0.0,3.0
672,11744,2017,5,force_india,31.0,0.0,4.0
673,11745,2017,5,toro_rosso,13.0,0.0,6.0
674,11746,2017,5,williams,18.0,0.0,5.0
675,11747,2017,5,renault,6.0,0.0,8.0
676,11748,2017,5,haas,8.0,0.0,7.0
677,11749,2017,5,sauber,0.0,0.0,9.0
678,11750,2017,5,mclaren,0.0,0.0,10.0
679,11751,2017,6,ferrari,153.0,2.0,2.0
680,11752,2017,6,mercedes,161.0,3.0,1.0
681,11753,2017,6,red_bull,72.0,0.0,3.0
682,11754,2017,6,force_india,53.0,0.0,4.0
683,11755,2017,6,toro_rosso,21.0,0.0,5.0
684,11756,2017,6,williams,18.0,0.0,6.0
685,11757,2017,6,renault,14.0,0.0,7.0
686,11758,2017,6,haas,9.0,0.0,8.0
687,11759,2017,6,sauber,4.0,0.0,9.0
688,11760,2017,6,mclaren,0.0,0.0,10.0
689,11761,2017,7,mercedes,179.0,3.0,2.0
690,11762,2017,7,ferrari,196.0,3.0,1.0
691,11763,2017,7,red_bull,97.0,0.0,3.0
692,11764,2017,7,force_india,53.0,0.0,4.0
693,11765,2017,7,toro_rosso,29.0,0.0,5.0
694,11766,2017,7,williams,20.0,0.0,6.0
695,11767,2017,7,renault,14.0,0.0,7.0
696,11768,2017,7,haas,14.0,0.0,8.0
697,11769,2017,7,sauber,4.0,0.0,9.0
698,11770,2017,7,mclaren,0.0,0.0,10.0
699,11771,2017,8,mercedes,222.0,4.0,1.0
700,11772,2017,8,ferrari,214.0,3.0,2.0
701,11773,2017,8,red_bull,112.0,0.0,3.0
702,11774,2017,8,force_india,71.0,0.0,4.0
703,11775,2017,8,williams,22.0,0.0,6.0
704,11776,2017,8,toro_rosso,29.0,0.0,5.0
705,11777,2017,8,haas,15.0,0.0,8.0
706,11778,2017,8,renault,18.0,0.0,7.0
707,11779,2017,8,sauber,4.0,0.0,9.0
708,11780,2017,8,mclaren,0.0,0.0,10.0
709,11781,2017,9,mercedes,250.0,4.0,1.0
710,11782,2017,9,ferrari,226.0,3.0,2.0
711,11783,2017,9,red_bull,137.0,1.0,3.0
712,11784,2017,9,force_india,79.0,0.0,4.0
713,11785,2017,9,williams,37.0,0.0,5.0
714,11786,2017,9,toro_rosso,33.0,0.0,6.0
715,11787,2017,9,haas,21.0,0.0,7.0
716,11788,2017,9,renault,18.0,0.0,8.0
717,11789,2017,9,sauber,5.0,0.0,9.0
718,11790,2017,9,mclaren,2.0,0.0,10.0
719,11791,2017,10,mercedes,287.0,5.0,1.0
720,11792,2017,10,ferrari,254.0,3.0,2.0
721,11793,2017,10,red_bull,152.0,1.0,3.0
722,11794,2017,10,force_india,89.0,0.0,4.0
723,11795,2017,10,williams,40.0,0.0,5.0
724,11796,2017,10,toro_rosso,33.0,0.0,6.0
725,11797,2017,10,haas,29.0,0.0,7.0
726,11798,2017,10,renault,18.0,0.0,8.0
727,11799,2017,10,sauber,5.0,0.0,9.0
728,11800,2017,10,mclaren,2.0,0.0,10.0
729,11801,2017,11,mercedes,330.0,6.0,1.0
730,11802,2017,11,ferrari,275.0,3.0,2.0
731,11803,2017,11,red_bull,174.0,1.0,3.0
732,11804,2017,11,force_india,95.0,0.0,4.0
733,11805,2017,11,williams,41.0,0.0,5.0
734,11806,2017,11,toro_rosso,33.0,0.0,6.0
735,11807,2017,11,haas,29.0,0.0,7.0
736,11808,2017,11,renault,26.0,0.0,8.0
737,11809,2017,11,mclaren,2.0,0.0,10.0
738,11810,2017,11,sauber,5.0,0.0,9.0
739,11811,2017,12,mercedes,357.0,6.0,1.0
740,11812,2017,12,ferrari,318.0,4.0,2.0
741,11813,2017,12,red_bull,184.0,1.0,3.0
742,11814,2017,12,force_india,101.0,0.0,4.0
743,11815,2017,12,williams,41.0,0.0,5.0
744,11816,2017,12,toro_rosso,39.0,0.0,6.0
745,11817,2017,12,haas,29.0,0.0,7.0
746,11818,2017,12,renault,26.0,0.0,8.0
747,11819,2017,12,mclaren,11.0,0.0,9.0
748,11820,2017,12,sauber,5.0,0.0,10.0
749,11821,2017,13,mercedes,392.0,7.0,1.0
750,11822,2017,13,ferrari,348.0,4.0,2.0
751,11823,2017,13,red_bull,199.0,1.0,3.0
752,11824,2017,13,force_india,103.0,0.0,4.0
753,11825,2017,13,williams,45.0,0.0,5.0
754,11826,2017,13,toro_rosso,40.0,0.0,6.0
755,11827,2017,13,haas,35.0,0.0,7.0
756,11828,2017,13,renault,34.0,0.0,8.0
757,11829,2017,13,mclaren,11.0,0.0,9.0
758,11830,2017,13,sauber,5.0,0.0,10.0
759,11831,2017,14,mercedes,435.0,8.0,1.0
760,11832,2017,14,ferrari,373.0,4.0,2.0
761,11833,2017,14,red_bull,212.0,1.0,3.0
762,11834,2017,14,force_india,113.0,0.0,4.0
763,11835,2017,14,williams,55.0,0.0,5.0
764,11836,2017,14,toro_rosso,40.0,0.0,6.0
765,11837,2017,14,renault,34.0,0.0,8.0
766,11838,2017,14,haas,35.0,0.0,7.0
767,11839,2017,14,mclaren,11.0,0.0,9.0
768,11840,2017,14,sauber,5.0,0.0,10.0
769,11841,2017,15,mercedes,475.0,9.0,1.0
770,11842,2017,15,ferrari,373.0,4.0,2.0
771,11843,2017,15,red_bull,230.0,1.0,3.0
772,11844,2017,15,force_india,124.0,0.0,4.0
773,11845,2017,15,williams,59.0,0.0,5.0
774,11846,2017,15,toro_rosso,52.0,0.0,6.0
775,11847,2017,15,renault,42.0,0.0,7.0
776,11848,2017,15,haas,37.0,0.0,8.0
777,11849,2017,15,mclaren,17.0,0.0,9.0
778,11850,2017,15,sauber,5.0,0.0,10.0
779,11851,2017,16,mercedes,503.0,9.0,1.0
780,11852,2017,16,ferrari,385.0,4.0,2.0
781,11853,2017,16,red_bull,270.0,2.0,3.0
782,11854,2017,16,force_india,133.0,0.0,4.0
783,11855,2017,16,williams,65.0,0.0,5.0
784,11856,2017,16,toro_rosso,52.0,0.0,6.0
785,11857,2017,16,haas,37.0,0.0,8.0
786,11858,2017,16,renault,42.0,0.0,7.0
787,11859,2017,16,mclaren,23.0,0.0,9.0
788,11860,2017,16,sauber,5.0,0.0,10.0
789,11861,2017,17,mercedes,540.0,10.0,1.0
790,11862,2017,17,ferrari,395.0,4.0,2.0
791,11863,2017,17,red_bull,303.0,2.0,3.0
792,11864,2017,17,force_india,147.0,0.0,4.0
793,11865,2017,17,williams,66.0,0.0,5.0
794,11866,2017,17,toro_rosso,52.0,0.0,6.0
795,11867,2017,17,renault,42.0,0.0,8.0
796,11868,2017,17,haas,43.0,0.0,7.0
797,11869,2017,17,mclaren,23.0,0.0,9.0
798,11870,2017,17,sauber,5.0,0.0,10.0
799,11871,2017,18,mercedes,575.0,11.0,1.0
800,11872,2017,18,ferrari,428.0,4.0,2.0
801,11873,2017,18,red_bull,315.0,2.0,3.0
802,11874,2017,18,force_india,159.0,0.0,4.0
803,11875,2017,18,williams,68.0,0.0,5.0
804,11876,2017,18,toro_rosso,53.0,0.0,6.0
805,11877,2017,18,renault,48.0,0.0,7.0
806,11878,2017,18,haas,43.0,0.0,8.0
807,11879,2017,18,mclaren,23.0,0.0,9.0
808,11880,2017,18,sauber,5.0,0.0,10.0
809,11881,2017,19,mercedes,595.0,11.0,1.0
810,11882,2017,19,ferrari,455.0,4.0,2.0
811,11883,2017,19,red_bull,340.0,3.0,3.0
812,11884,2017,19,force_india,175.0,0.0,4.0
813,11885,2017,19,williams,76.0,0.0,5.0
814,11886,2017,19,toro_rosso,53.0,0.0,6.0
815,11887,2017,19,renault,48.0,0.0,7.0
816,11888,2017,19,haas,47.0,0.0,8.0
817,11889,2017,19,mclaren,24.0,0.0,9.0
818,11890,2017,19,sauber,5.0,0.0,10.0
819,11891,2017,20,mercedes,625.0,11.0,1.0
820,11892,2017,20,ferrari,495.0,5.0,2.0
821,11893,2017,20,red_bull,358.0,3.0,3.0
822,11894,2017,20,force_india,177.0,0.0,4.0
823,11895,2017,20,williams,82.0,0.0,5.0
824,11896,2017,20,renault,49.0,0.0,7.0
825,11897,2017,20,toro_rosso,53.0,0.0,6.0
826,11898,2017,20,haas,47.0,0.0,8.0
827,11899,2017,20,mclaren,28.0,0.0,9.0
828,11900,2017,20,sauber,5.0,0.0,10.0
829,11901,2018,1,ferrari,0.0,0.0,0.0
830,11902,2018,1,mercedes,0.0,0.0,0.0
831,11903,2018,1,red_bull,0.0,0.0,0.0
832,11904,2018,1,mclaren,0.0,0.0,0.0
833,11905,2018,1,renault,0.0,0.0,0.0
834,11906,2018,1,force_india,0.0,0.0,0.0
835,11907,2018,1,sauber,0.0,0.0,0.0
836,11908,2018,1,williams,0.0,0.0,0.0
837,11909,2018,1,toro_rosso,0.0,0.0,0.0
838,11910,2018,1,haas,0.0,0.0,0.0
839,11911,2018,2,ferrari,40.0,1.0,1.0
840,11912,2018,2,mercedes,22.0,0.0,2.0
841,11913,2018,2,mclaren,12.0,0.0,4.0
842,11914,2018,2,red_bull,20.0,0.0,3.0
843,11915,2018,2,renault,7.0,0.0,5.0
844,11916,2018,2,toro_rosso,0.0,0.0,9.0
845,11917,2018,2,haas,0.0,0.0,10.0
846,11918,2018,2,sauber,0.0,0.0,7.0
847,11919,2018,2,force_india,0.0,0.0,6.0
848,11920,2018,2,williams,0.0,0.0,8.0
849,11921,2018,3,mercedes,55.0,0.0,2.0
850,11922,2018,3,ferrari,65.0,2.0,1.0
851,11923,2018,3,red_bull,20.0,0.0,4.0
852,11924,2018,3,mclaren,22.0,0.0,3.0
853,11925,2018,3,renault,15.0,0.0,5.0
854,11926,2018,3,toro_rosso,12.0,0.0,6.0
855,11927,2018,3,haas,10.0,0.0,7.0
856,11928,2018,3,sauber,2.0,0.0,8.0
857,11929,2018,3,force_india,1.0,0.0,9.0
858,11930,2018,3,williams,0.0,0.0,10.0
859,11931,2018,4,ferrari,84.0,2.0,2.0
860,11932,2018,4,mercedes,85.0,0.0,1.0
861,11933,2018,4,red_bull,55.0,1.0,3.0
862,11934,2018,4,mclaren,28.0,0.0,4.0
863,11935,2018,4,renault,25.0,0.0,5.0
864,11936,2018,4,force_india,1.0,0.0,9.0
865,11937,2018,4,toro_rosso,12.0,0.0,6.0
866,11938,2018,4,haas,11.0,0.0,7.0
867,11939,2018,4,sauber,2.0,0.0,8.0
868,11940,2018,4,williams,0.0,0.0,10.0
869,11941,2018,5,mercedes,110.0,1.0,2.0
870,11942,2018,5,ferrari,114.0,2.0,1.0
871,11943,2018,5,red_bull,55.0,1.0,3.0
872,11944,2018,5,renault,35.0,0.0,5.0
873,11945,2018,5,mclaren,36.0,0.0,4.0
874,11946,2018,5,haas,11.0,0.0,8.0
875,11947,2018,5,force_india,16.0,0.0,6.0
876,11948,2018,5,toro_rosso,13.0,0.0,7.0
877,11949,2018,5,sauber,10.0,0.0,9.0
878,11950,2018,5,williams,4.0,0.0,10.0
879,11951,2018,6,mercedes,153.0,2.0,1.0
880,11952,2018,6,ferrari,126.0,2.0,2.0
881,11953,2018,6,red_bull,80.0,1.0,3.0
882,11954,2018,6,renault,41.0,0.0,4.0
883,11955,2018,6,mclaren,40.0,0.0,5.0
884,11956,2018,6,force_india,18.0,0.0,7.0
885,11957,2018,6,toro_rosso,13.0,0.0,8.0
886,11958,2018,6,haas,19.0,0.0,6.0
887,11959,2018,6,sauber,11.0,0.0,9.0
888,11960,2018,6,williams,4.0,0.0,10.0
889,11961,2018,7,mercedes,178.0,2.0,1.0
890,11962,2018,7,ferrari,156.0,2.0,2.0
891,11963,2018,7,red_bull,107.0,2.0,3.0
892,11964,2018,7,renault,46.0,0.0,4.0
893,11965,2018,7,mclaren,40.0,0.0,5.0
894,11966,2018,7,force_india,26.0,0.0,6.0
895,11967,2018,7,toro_rosso,19.0,0.0,7.0
896,11968,2018,7,haas,19.0,0.0,8.0
897,11969,2018,7,sauber,11.0,0.0,9.0
898,11970,2018,7,williams,4.0,0.0,10.0
899,11971,2018,8,mercedes,206.0,2.0,1.0
900,11972,2018,8,ferrari,189.0,3.0,2.0
901,11973,2018,8,red_bull,134.0,2.0,3.0
902,11974,2018,8,renault,56.0,0.0,4.0
903,11975,2018,8,mclaren,40.0,0.0,5.0
904,11976,2018,8,force_india,28.0,0.0,6.0
905,11977,2018,8,haas,19.0,0.0,8.0
906,11978,2018,8,toro_rosso,19.0,0.0,7.0
907,11979,2018,8,sauber,12.0,0.0,9.0
908,11980,2018,8,williams,4.0,0.0,10.0
909,11981,2018,9,ferrari,214.0,3.0,2.0
910,11982,2018,9,mercedes,237.0,3.0,1.0
911,11983,2018,9,red_bull,164.0,2.0,3.0
912,11984,2018,9,renault,62.0,0.0,4.0
913,11985,2018,9,haas,27.0,0.0,7.0
914,11986,2018,9,mclaren,40.0,0.0,5.0
915,11987,2018,9,force_india,28.0,0.0,6.0
916,11988,2018,9,toro_rosso,19.0,0.0,8.0
917,11989,2018,9,sauber,13.0,0.0,9.0
918,11990,2018,9,williams,4.0,0.0,10.0
919,11991,2018,10,ferrari,247.0,3.0,1.0
920,11992,2018,10,mercedes,237.0,3.0,2.0
921,11993,2018,10,red_bull,189.0,3.0,3.0
922,11994,2018,10,renault,62.0,0.0,4.0
923,11995,2018,10,haas,49.0,0.0,5.0
924,11996,2018,10,force_india,42.0,0.0,7.0
925,11997,2018,10,mclaren,44.0,0.0,6.0
926,11998,2018,10,toro_rosso,19.0,0.0,8.0
927,11999,2018,10,sauber,16.0,0.0,9.0
928,12000,2018,10,williams,4.0,0.0,10.0
929,12001,2018,11,mercedes,267.0,3.0,2.0
930,12002,2018,11,ferrari,287.0,4.0,1.0
931,12003,2018,11,red_bull,199.0,3.0,3.0
932,12004,2018,11,renault,70.0,0.0,4.0
933,12005,2018,11,force_india,49.0,0.0,6.0
934,12006,2018,11,haas,51.0,0.0,5.0
935,12007,2018,11,mclaren,48.0,0.0,7.0
936,12008,2018,11,toro_rosso,19.0,0.0,8.0
937,12009,2018,11,sauber,16.0,0.0,9.0
938,12010,2018,11,williams,4.0,0.0,10.0
939,12011,2018,12,mercedes,310.0,4.0,1.0
940,12012,2018,12,ferrari,302.0,4.0,2.0
941,12013,2018,12,red_bull,211.0,3.0,3.0
942,12014,2018,12,renault,80.0,0.0,4.0
943,12015,2018,12,haas,59.0,0.0,6.0
944,12016,2018,12,force_india,59.0,0.0,5.0
945,12017,2018,12,mclaren,48.0,0.0,7.0
946,12018,2018,12,toro_rosso,20.0,0.0,8.0
947,12019,2018,12,sauber,18.0,0.0,9.0
948,12020,2018,12,williams,4.0,0.0,10.0
949,12021,2018,13,mercedes,345.0,5.0,1.0
950,12022,2018,13,ferrari,335.0,4.0,2.0
951,12023,2018,13,red_bull,223.0,3.0,3.0
952,12024,2018,13,renault,82.0,0.0,4.0
953,12025,2018,13,haas,66.0,0.0,5.0
954,12026,2018,13,mclaren,52.0,0.0,7.0
955,12027,2018,13,toro_rosso,28.0,0.0,8.0
956,12028,2018,13,sauber,18.0,0.0,9.0
957,12029,2018,13,force_india,59.0,0.0,6.0
958,12030,2018,13,williams,4.0,0.0,10.0
959,12031,2018,14,mercedes,375.0,5.0,1.0
960,12032,2018,14,ferrari,360.0,5.0,2.0
961,12033,2018,14,red_bull,238.0,3.0,3.0
962,12034,2018,14,renault,82.0,0.0,4.0
963,12035,2018,14,haas,76.0,0.0,5.0
964,12036,2018,14,mclaren,52.0,0.0,6.0
965,12037,2018,14,force_india,18.0,0.0,9.0
966,12038,2018,14,toro_rosso,30.0,0.0,7.0
967,12039,2018,14,sauber,19.0,0.0,8.0
968,12040,2018,14,williams,4.0,0.0,10.0
969,12041,2018,15,mercedes,415.0,6.0,1.0
970,12042,2018,15,ferrari,390.0,5.0,2.0
971,12043,2018,15,red_bull,248.0,3.0,3.0
972,12044,2018,15,renault,86.0,0.0,4.0
973,12045,2018,15,haas,76.0,0.0,5.0
974,12046,2018,15,mclaren,52.0,0.0,6.0
975,12047,2018,15,force_india,32.0,0.0,7.0
976,12048,2018,15,toro_rosso,30.0,0.0,8.0
977,12049,2018,15,sauber,19.0,0.0,9.0
978,12050,2018,15,williams,7.0,0.0,10.0
979,12051,2018,16,mercedes,452.0,7.0,1.0
980,12052,2018,16,ferrari,415.0,5.0,2.0
981,12053,2018,16,red_bull,274.0,3.0,3.0
982,12054,2018,16,renault,91.0,0.0,4.0
983,12055,2018,16,haas,76.0,0.0,5.0
984,12056,2018,16,mclaren,58.0,0.0,6.0
985,12057,2018,16,force_india,32.0,0.0,7.0
986,12058,2018,16,toro_rosso,30.0,0.0,8.0
987,12059,2018,16,sauber,21.0,0.0,9.0
988,12060,2018,16,williams,7.0,0.0,10.0
989,12061,2018,17,mercedes,495.0,8.0,1.0
990,12062,2018,17,ferrari,442.0,5.0,2.0
991,12063,2018,17,red_bull,292.0,3.0,3.0
992,12064,2018,17,renault,91.0,0.0,4.0
993,12065,2018,17,haas,80.0,0.0,5.0
994,12066,2018,17,mclaren,58.0,0.0,6.0
995,12067,2018,17,force_india,35.0,0.0,7.0
996,12068,2018,17,toro_rosso,30.0,0.0,8.0
997,12069,2018,17,sauber,27.0,0.0,9.0
998,12070,2018,17,williams,7.0,0.0,10.0
999,12071,2018,18,mercedes,538.0,9.0,1.0
1000,12072,2018,18,ferrari,460.0,5.0,2.0
1001,12073,2018,18,red_bull,319.0,3.0,3.0
1002,12074,2018,18,renault,92.0,0.0,4.0
1003,12075,2018,18,haas,84.0,0.0,5.0
1004,12076,2018,18,mclaren,58.0,0.0,6.0
1005,12077,2018,18,force_india,43.0,0.0,7.0
1006,12078,2018,18,toro_rosso,30.0,0.0,8.0
1007,12079,2018,18,sauber,27.0,0.0,9.0
1008,12080,2018,18,williams,7.0,0.0,10.0
1009,12081,2018,19,mercedes,563.0,9.0,1.0
1010,12082,2018,19,ferrari,497.0,6.0,2.0
1011,12083,2018,19,red_bull,337.0,3.0,3.0
1012,12084,2018,19,renault,106.0,0.0,4.0
1013,12085,2018,19,haas,84.0,0.0,5.0
1014,12086,2018,19,mclaren,58.0,0.0,6.0
1015,12087,2018,19,force_india,47.0,0.0,7.0
1016,12088,2018,19,sauber,28.0,0.0,9.0
1017,12089,2018,19,toro_rosso,32.0,0.0,8.0
1018,12090,2018,19,williams,7.0,0.0,10.0
1019,12091,2018,20,mercedes,585.0,9.0,1.0
1020,12092,2018,20,ferrari,530.0,6.0,2.0
1021,12093,2018,20,red_bull,362.0,4.0,3.0
1022,12094,2018,20,renault,114.0,0.0,4.0
1023,12095,2018,20,haas,84.0,0.0,5.0
1024,12096,2018,20,mclaren,62.0,0.0,6.0
1025,12097,2018,20,force_india,47.0,0.0,7.0
1026,12098,2018,20,sauber,36.0,0.0,8.0
1027,12099,2018,20,toro_rosso,33.0,0.0,9.0
1028,12100,2018,20,williams,7.0,0.0,10.0
1029,12101,2018,21,mercedes,620.0,10.0,1.0
1030,12102,2018,21,ferrari,553.0,6.0,2.0
1031,12103,2018,21,red_bull,392.0,4.0,3.0
1032,12104,2018,21,renault,114.0,0.0,4.0
1033,12105,2018,21,haas,90.0,0.0,5.0
1034,12106,2018,21,mclaren,62.0,0.0,6.0
1035,12107,2018,21,force_india,48.0,0.0,7.0
1036,12108,2018,21,sauber,42.0,0.0,8.0
1037,12109,2018,21,toro_rosso,33.0,0.0,9.0
1038,12110,2018,21,williams,7.0,0.0,10.0
1039,12111,2019,1,mercedes,0.0,0.0,0.0
1040,12112,2019,1,ferrari,0.0,0.0,0.0
1041,12113,2019,1,red_bull,0.0,0.0,0.0
1042,12114,2019,1,haas,0.0,0.0,0.0
1043,12115,2019,1,renault,0.0,0.0,0.0
1044,12116,2019,1,alfa,0.0,0.0,0.0
1045,12117,2019,1,racing_point,0.0,0.0,0.0
1046,12118,2019,1,toro_rosso,0.0,0.0,0.0
1047,12119,2019,1,mclaren,0.0,0.0,0.0
1048,12120,2019,1,williams,0.0,0.0,0.0
1049,12121,2019,2,mercedes,44.0,1.0,1.0
1050,12122,2019,2,ferrari,22.0,0.0,2.0
1051,12123,2019,2,red_bull,15.0,0.0,3.0
1052,12124,2019,2,alfa,4.0,0.0,6.0
1053,12125,2019,2,mclaren,0.0,0.0,9.0
1054,12126,2019,2,haas,8.0,0.0,4.0
1055,12127,2019,2,renault,6.0,0.0,5.0
1056,12128,2019,2,toro_rosso,1.0,0.0,8.0
1057,12129,2019,2,racing_point,2.0,0.0,7.0
1058,12130,2019,2,williams,0.0,0.0,10.0
1059,12131,2019,3,mercedes,87.0,2.0,1.0
1060,12132,2019,3,ferrari,48.0,0.0,2.0
1061,12133,2019,3,red_bull,31.0,0.0,3.0
1062,12134,2019,3,renault,6.0,0.0,7.0
1063,12135,2019,3,alfa,10.0,0.0,4.0
1064,12136,2019,3,haas,8.0,0.0,6.0
1065,12137,2019,3,mclaren,8.0,0.0,5.0
1066,12138,2019,3,racing_point,3.0,0.0,9.0
1067,12139,2019,3,toro_rosso,3.0,0.0,8.0
1068,12140,2019,3,williams,0.0,0.0,10.0
1069,12141,2019,4,mercedes,130.0,3.0,1.0
1070,12142,2019,4,ferrari,73.0,0.0,2.0
1071,12143,2019,4,red_bull,52.0,0.0,3.0
1072,12144,2019,4,mclaren,8.0,0.0,7.0
1073,12145,2019,4,racing_point,7.0,0.0,8.0
1074,12146,2019,4,alfa,12.0,0.0,5.0
1075,12147,2019,4,renault,12.0,0.0,4.0
1076,12148,2019,4,haas,8.0,0.0,6.0
1077,12149,2019,4,toro_rosso,4.0,0.0,9.0
1078,12150,2019,4,williams,0.0,0.0,10.0
1079,12151,2019,5,mercedes,173.0,4.0,1.0
1080,12152,2019,5,ferrari,99.0,0.0,2.0
1081,12153,2019,5,red_bull,64.0,0.0,3.0
1082,12154,2019,5,mclaren,18.0,0.0,4.0
1083,12155,2019,5,racing_point,17.0,0.0,5.0
1084,12156,2019,5,haas,8.0,0.0,8.0
1085,12157,2019,5,alfa,13.0,0.0,6.0
1086,12158,2019,5,renault,12.0,0.0,7.0
1087,12159,2019,5,toro_rosso,4.0,0.0,9.0
1088,12160,2019,5,williams,0.0,0.0,10.0
1089,12161,2019,6,mercedes,217.0,5.0,1.0
1090,12162,2019,6,ferrari,121.0,0.0,2.0
1091,12163,2019,6,red_bull,87.0,0.0,3.0
1092,12164,2019,6,mclaren,22.0,0.0,4.0
1093,12165,2019,6,racing_point,17.0,0.0,5.0
1094,12166,2019,6,haas,15.0,0.0,6.0
1095,12167,2019,6,toro_rosso,6.0,0.0,9.0
1096,12168,2019,6,renault,12.0,0.0,8.0
1097,12169,2019,6,alfa,13.0,0.0,7.0
1098,12170,2019,6,williams,0.0,0.0,10.0
1099,12171,2019,7,mercedes,257.0,6.0,1.0
1100,12172,2019,7,ferrari,139.0,0.0,2.0
1101,12173,2019,7,red_bull,110.0,0.0,3.0
1102,12174,2019,7,mclaren,30.0,0.0,4.0
1103,12175,2019,7,renault,14.0,0.0,8.0
1104,12176,2019,7,racing_point,17.0,0.0,5.0
1105,12177,2019,7,toro_rosso,16.0,0.0,7.0
1106,12178,2019,7,haas,16.0,0.0,6.0
1107,12179,2019,7,alfa,13.0,0.0,9.0
1108,12180,2019,7,williams,0.0,0.0,10.0
1109,12181,2019,8,mercedes,295.0,7.0,1.0
1110,12182,2019,8,ferrari,172.0,0.0,2.0
1111,12183,2019,8,red_bull,124.0,0.0,3.0
1112,12184,2019,8,mclaren,30.0,0.0,4.0
1113,12185,2019,8,renault,28.0,0.0,5.0
1114,12186,2019,8,racing_point,19.0,0.0,6.0
1115,12187,2019,8,alfa,13.0,0.0,9.0
1116,12188,2019,8,toro_rosso,17.0,0.0,7.0
1117,12189,2019,8,haas,16.0,0.0,8.0
1118,12190,2019,8,williams,0.0,0.0,10.0
1119,12191,2019,9,mercedes,338.0,8.0,1.0
1120,12192,2019,9,ferrari,198.0,0.0,2.0
1121,12193,2019,9,red_bull,137.0,0.0,3.0
1122,12194,2019,9,mclaren,40.0,0.0,4.0
1123,12195,2019,9,renault,32.0,0.0,5.0
1124,12196,2019,9,alfa,19.0,0.0,7.0
1125,12197,2019,9,racing_point,19.0,0.0,6.0
1126,12198,2019,9,toro_rosso,17.0,0.0,8.0
1127,12199,2019,9,haas,16.0,0.0,9.0
1128,12200,2019,9,williams,0.0,0.0,10.0
1129,12201,2019,10,mercedes,363.0,8.0,1.0
1130,12202,2019,10,ferrari,228.0,0.0,2.0
1131,12203,2019,10,red_bull,169.0,1.0,3.0
1132,12204,2019,10,mclaren,52.0,0.0,4.0
1133,12205,2019,10,renault,32.0,0.0,5.0
1134,12206,2019,10,alfa,22.0,0.0,6.0
1135,12207,2019,10,racing_point,19.0,0.0,7.0
1136,12208,2019,10,toro_rosso,17.0,0.0,8.0
1137,12209,2019,10,haas,16.0,0.0,9.0
1138,12210,2019,10,williams,0.0,0.0,10.0
1139,12211,2019,11,mercedes,407.0,9.0,1.0
1140,12212,2019,11,ferrari,243.0,0.0,2.0
1141,12213,2019,11,red_bull,191.0,1.0,3.0
1142,12214,2019,11,mclaren,60.0,0.0,4.0
1143,12215,2019,11,toro_rosso,19.0,0.0,8.0
1144,12216,2019,11,renault,39.0,0.0,5.0
1145,12217,2019,11,racing_point,19.0,0.0,7.0
1146,12218,2019,11,haas,16.0,0.0,9.0
1147,12219,2019,11,alfa,26.0,0.0,6.0
1148,12220,2019,11,williams,0.0,0.0,10.0
1149,12221,2019,12,mercedes,409.0,9.0,1.0
1150,12222,2019,12,ferrari,261.0,0.0,2.0
1151,12223,2019,12,red_bull,217.0,2.0,3.0
1152,12224,2019,12,mclaren,70.0,0.0,4.0
1153,12225,2019,12,toro_rosso,42.0,0.0,5.0
1154,12226,2019,12,renault,39.0,0.0,6.0
1155,12227,2019,12,alfa,26.0,0.0,9.0
1156,12228,2019,12,racing_point,31.0,0.0,7.0
1157,12229,2019,12,haas,26.0,0.0,8.0
1158,12230,2019,12,williams,1.0,0.0,10.0
1159,12231,2019,13,mercedes,438.0,10.0,1.0
1160,12232,2019,13,ferrari,288.0,0.0,2.0
1161,12233,2019,13,red_bull,244.0,2.0,3.0
1162,12234,2019,13,mclaren,82.0,0.0,4.0
1163,12235,2019,13,toro_rosso,43.0,0.0,5.0
1164,12236,2019,13,renault,39.0,0.0,6.0
1165,12237,2019,13,racing_point,31.0,0.0,8.0
1166,12238,2019,13,alfa,32.0,0.0,7.0
1167,12239,2019,13,haas,26.0,0.0,9.0
1168,12240,2019,13,williams,1.0,0.0,10.0
1169,12241,2019,14,mercedes,471.0,10.0,1.0
1170,12242,2019,14,ferrari,326.0,1.0,2.0
1171,12243,2019,14,red_bull,254.0,2.0,3.0
1172,12244,2019,14,mclaren,82.0,0.0,4.0
1173,12245,2019,14,renault,43.0,0.0,6.0
1174,12246,2019,14,toro_rosso,51.0,0.0,5.0
1175,12247,2019,14,racing_point,40.0,0.0,7.0
1176,12248,2019,14,alfa,32.0,0.0,8.0
1177,12249,2019,14,haas,26.0,0.0,9.0
1178,12250,2019,14,williams,1.0,0.0,10.0
1179,12251,2019,15,mercedes,505.0,10.0,1.0
1180,12252,2019,15,ferrari,351.0,2.0,2.0
1181,12253,2019,15,red_bull,266.0,2.0,3.0
1182,12254,2019,15,mclaren,83.0,0.0,4.0
1183,12255,2019,15,renault,65.0,0.0,5.0
1184,12256,2019,15,toro_rosso,51.0,0.0,6.0
1185,12257,2019,15,racing_point,46.0,0.0,7.0
1186,12258,2019,15,alfa,34.0,0.0,8.0
1187,12259,2019,15,haas,26.0,0.0,9.0
1188,12260,2019,15,williams,1.0,0.0,10.0
1189,12261,2019,16,mercedes,527.0,10.0,1.0
1190,12262,2019,16,ferrari,394.0,3.0,2.0
1191,12263,2019,16,red_bull,289.0,2.0,3.0
1192,12264,2019,16,mclaren,89.0,0.0,4.0
1193,12265,2019,16,renault,67.0,0.0,5.0
1194,12266,2019,16,toro_rosso,55.0,0.0,6.0
1195,12267,2019,16,racing_point,46.0,0.0,7.0
1196,12268,2019,16,alfa,35.0,0.0,8.0
1197,12269,2019,16,haas,26.0,0.0,9.0
1198,12270,2019,16,williams,1.0,0.0,10.0
1199,12271,2019,17,mercedes,571.0,11.0,1.0
1200,12272,2019,17,ferrari,409.0,3.0,2.0
1201,12273,2019,17,red_bull,311.0,2.0,3.0
1202,12274,2019,17,mclaren,101.0,0.0,4.0
1203,12275,2019,17,renault,68.0,0.0,5.0
1204,12276,2019,17,toro_rosso,55.0,0.0,6.0
1205,12277,2019,17,racing_point,52.0,0.0,7.0
1206,12278,2019,17,alfa,35.0,0.0,8.0
1207,12279,2019,17,haas,28.0,0.0,9.0
1208,12280,2019,17,williams,1.0,0.0,10.0
1209,12281,2019,18,mercedes,612.0,12.0,1.0
1210,12282,2019,18,ferrari,435.0,3.0,2.0
1211,12283,2019,18,red_bull,323.0,2.0,3.0
1212,12284,2019,18,mclaren,111.0,0.0,4.0
1213,12285,2019,18,renault,68.0,0.0,5.0
1214,12286,2019,18,toro_rosso,62.0,0.0,6.0
1215,12287,2019,18,racing_point,58.0,0.0,7.0
1216,12288,2019,18,alfa,35.0,0.0,8.0
1217,12289,2019,18,haas,28.0,0.0,9.0
1218,12290,2019,18,williams,1.0,0.0,10.0
1219,12291,2019,19,mercedes,652.0,13.0,1.0
1220,12292,2019,19,ferrari,466.0,3.0,2.0
1221,12293,2019,19,red_bull,341.0,2.0,3.0
1222,12294,2019,19,mclaren,111.0,0.0,4.0
1223,12295,2019,19,renault,73.0,0.0,5.0
1224,12296,2019,19,racing_point,64.0,0.0,7.0
1225,12297,2019,19,toro_rosso,64.0,0.0,6.0
1226,12298,2019,19,alfa,35.0,0.0,8.0
1227,12299,2019,19,haas,28.0,0.0,9.0
1228,12300,2019,19,williams,1.0,0.0,10.0
1229,12301,2019,20,mercedes,695.0,14.0,1.0
1230,12302,2019,20,ferrari,479.0,3.0,2.0
1231,12303,2019,20,red_bull,366.0,2.0,3.0
1232,12304,2019,20,mclaren,121.0,0.0,4.0
1233,12305,2019,20,renault,83.0,0.0,5.0
1234,12306,2019,20,toro_rosso,64.0,0.0,7.0
1235,12307,2019,20,racing_point,65.0,0.0,6.0
1236,12308,2019,20,alfa,35.0,0.0,8.0
1237,12309,2019,20,haas,28.0,0.0,9.0
1238,12310,2019,20,williams,1.0,0.0,10.0
1239,12311,2019,21,mercedes,701.0,14.0,1.0
1240,12312,2019,21,ferrari,479.0,3.0,2.0
1241,12313,2019,21,red_bull,391.0,3.0,3.0
1242,12314,2019,21,mclaren,140.0,0.0,4.0
1243,12315,2019,21,renault,91.0,0.0,5.0
1244,12316,2019,21,toro_rosso,83.0,0.0,6.0
1245,12317,2019,21,racing_point,67.0,0.0,7.0
1246,12318,2019,21,alfa,57.0,0.0,8.0
1247,12319,2019,21,haas,28.0,0.0,9.0
1248,12320,2019,21,williams,1.0,0.0,10.0
1249,12321,2020,1,mercedes,0.0,0.0,0.0
1250,12322,2020,1,mclaren,0.0,0.0,0.0
1251,12323,2020,1,ferrari,0.0,0.0,0.0
1252,12324,2020,1,racing_point,0.0,0.0,0.0
1253,12325,2020,1,alphatauri,0.0,0.0,0.0
1254,12326,2020,1,renault,0.0,0.0,0.0
1255,12327,2020,1,alfa,0.0,0.0,0.0
1256,12328,2020,1,williams,0.0,0.0,0.0
1257,12329,2020,1,red_bull,0.0,0.0,0.0
1258,12330,2020,1,haas,0.0,0.0,0.0
1259,12331,2020,2,mercedes,37.0,1.0,1.0
1260,12332,2020,2,mclaren,26.0,0.0,2.0
1261,12333,2020,2,red_bull,0.0,0.0,9.0
1262,12334,2020,2,racing_point,8.0,0.0,4.0
1263,12335,2020,2,ferrari,19.0,0.0,3.0
1264,12336,2020,2,renault,4.0,0.0,6.0
1265,12337,2020,2,alphatauri,6.0,0.0,5.0
1266,12338,2020,2,alfa,2.0,0.0,7.0
1267,12339,2020,2,williams,0.0,0.0,8.0
1268,12340,2020,2,haas,0.0,0.0,10.0
1269,12341,2020,3,mercedes,80.0,2.0,1.0
1270,12342,2020,3,red_bull,27.0,0.0,3.0
1271,12343,2020,3,mclaren,39.0,0.0,2.0
1272,12344,2020,3,racing_point,22.0,0.0,4.0
1273,12345,2020,3,ferrari,19.0,0.0,5.0
1274,12346,2020,3,renault,8.0,0.0,6.0
1275,12347,2020,3,alphatauri,7.0,0.0,7.0
1276,12348,2020,3,alfa,2.0,0.0,8.0
1277,12349,2020,3,haas,0.0,0.0,10.0
1278,12350,2020,3,williams,0.0,0.0,9.0
1279,12351,2020,4,mercedes,121.0,3.0,1.0
1280,12352,2020,4,red_bull,55.0,0.0,2.0
1281,12353,2020,4,mclaren,41.0,0.0,3.0
1282,12354,2020,4,ferrari,27.0,0.0,5.0
1283,12355,2020,4,racing_point,40.0,0.0,4.0
1284,12356,2020,4,renault,12.0,0.0,6.0
1285,12357,2020,4,alphatauri,7.0,0.0,7.0
1286,12358,2020,4,alfa,2.0,0.0,8.0
1287,12359,2020,4,haas,1.0,0.0,9.0
1288,12360,2020,4,williams,0.0,0.0,10.0
1289,12361,2020,5,mercedes,146.0,4.0,1.0
1290,12362,2020,5,red_bull,78.0,0.0,2.0
1291,12363,2020,5,ferrari,43.0,0.0,4.0
1292,12364,2020,5,mclaren,51.0,0.0,3.0
1293,12365,2020,5,racing_point,42.0,0.0,5.0
1294,12366,2020,5,renault,32.0,0.0,6.0
1295,12367,2020,5,alphatauri,13.0,0.0,7.0
1296,12368,2020,5,alfa,2.0,0.0,8.0
1297,12369,2020,5,haas,1.0,0.0,9.0
1298,12370,2020,5,williams,0.0,0.0,10.0
1299,12371,2020,6,mercedes,180.0,4.0,1.0
1300,12372,2020,6,red_bull,113.0,1.0,2.0
1301,12373,2020,6,racing_point,41.0,0.0,5.0
1302,12374,2020,6,mclaren,53.0,0.0,4.0
1303,12375,2020,6,ferrari,55.0,0.0,3.0
1304,12376,2020,6,renault,36.0,0.0,6.0
1305,12377,2020,6,alphatauri,14.0,0.0,7.0
1306,12378,2020,6,alfa,2.0,0.0,8.0
1307,12379,2020,6,haas,1.0,0.0,9.0
1308,12380,2020,6,williams,0.0,0.0,10.0
1309,12381,2020,7,mercedes,221.0,5.0,1.0
1310,12382,2020,7,red_bull,135.0,1.0,2.0
1311,12383,2020,7,mclaren,62.0,0.0,4.0
1312,12384,2020,7,racing_point,63.0,0.0,3.0
1313,12385,2020,7,ferrari,61.0,0.0,5.0
1314,12386,2020,7,renault,36.0,0.0,6.0
1315,12387,2020,7,alphatauri,16.0,0.0,7.0
1316,12388,2020,7,alfa,2.0,0.0,8.0
1317,12389,2020,7,haas,1.0,0.0,9.0
1318,12390,2020,7,williams,0.0,0.0,10.0
1319,12391,2020,8,mercedes,264.0,6.0,1.0
1320,12392,2020,8,red_bull,158.0,1.0,2.0
1321,12393,2020,8,mclaren,68.0,0.0,3.0
1322,12394,2020,8,racing_point,66.0,0.0,4.0
1323,12395,2020,8,renault,59.0,0.0,6.0
1324,12396,2020,8,ferrari,61.0,0.0,5.0
1325,12397,2020,8,alphatauri,20.0,0.0,7.0
1326,12398,2020,8,alfa,2.0,0.0,8.0
1327,12399,2020,8,haas,1.0,0.0,9.0
1328,12400,2020,8,williams,0.0,0.0,10.0
1329,12401,2020,9,mercedes,281.0,6.0,1.0
1330,12402,2020,9,red_bull,158.0,1.0,2.0
1331,12403,2020,9,mclaren,98.0,0.0,3.0
1332,12404,2020,9,racing_point,82.0,0.0,4.0
1333,12405,2020,9,renault,71.0,0.0,5.0
1334,12406,2020,9,ferrari,61.0,0.0,6.0
1335,12407,2020,9,alphatauri,47.0,1.0,7.0
1336,12408,2020,9,alfa,2.0,0.0,8.0
1337,12409,2020,9,haas,1.0,0.0,9.0
1338,12410,2020,9,williams,0.0,0.0,10.0
1339,12411,2020,10,mercedes,325.0,7.0,1.0
1340,12412,2020,10,red_bull,173.0,1.0,2.0
1341,12413,2020,10,mclaren,106.0,0.0,3.0
1342,12414,2020,10,racing_point,92.0,0.0,4.0
1343,12415,2020,10,renault,83.0,0.0,5.0
1344,12416,2020,10,ferrari,66.0,0.0,6.0
1345,12417,2020,10,alphatauri,53.0,1.0,7.0
1346,12418,2020,10,alfa,4.0,0.0,8.0
1347,12419,2020,10,haas,1.0,0.0,9.0
1348,12420,2020,10,williams,0.0,0.0,10.0
1349,12421,2020,11,mercedes,366.0,8.0,1.0
1350,12422,2020,11,red_bull,192.0,1.0,2.0
1351,12423,2020,11,racing_point,104.0,0.0,4.0
1352,12424,2020,11,mclaren,106.0,0.0,3.0
1353,12425,2020,11,renault,99.0,0.0,5.0
1354,12426,2020,11,ferrari,74.0,0.0,6.0
1355,12427,2020,11,alphatauri,59.0,1.0,7.0
1356,12428,2020,11,alfa,4.0,0.0,8.0
1357,12429,2020,11,haas,1.0,0.0,9.0
1358,12430,2020,11,williams,0.0,0.0,10.0
1359,12431,2020,12,mercedes,391.0,9.0,1.0
1360,12432,2020,12,red_bull,211.0,1.0,2.0
1361,12433,2020,12,racing_point,120.0,0.0,3.0
1362,12434,2020,12,mclaren,116.0,0.0,4.0
1363,12435,2020,12,renault,114.0,0.0,5.0
1364,12436,2020,12,ferrari,80.0,0.0,6.0
1365,12437,2020,12,alphatauri,67.0,1.0,7.0
1366,12438,2020,12,alfa,5.0,0.0,8.0
1367,12439,2020,12,haas,3.0,0.0,9.0
1368,12440,2020,12,williams,0.0,0.0,10.0
1369,12441,2020,13,mercedes,435.0,10.0,1.0
1370,12442,2020,13,red_bull,226.0,1.0,2.0
1371,12443,2020,13,renault,120.0,0.0,5.0
1372,12444,2020,13,mclaren,124.0,0.0,4.0
1373,12445,2020,13,racing_point,126.0,0.0,3.0
1374,12446,2020,13,ferrari,93.0,0.0,6.0
1375,12447,2020,13,alphatauri,77.0,1.0,7.0
1376,12448,2020,13,alfa,5.0,0.0,8.0
1377,12449,2020,13,haas,3.0,0.0,9.0
1378,12450,2020,13,williams,0.0,0.0,10.0
1379,12451,2020,14,mercedes,479.0,11.0,1.0
1380,12452,2020,14,red_bull,226.0,1.0,2.0
1381,12453,2020,14,racing_point,134.0,0.0,5.0
1382,12454,2020,14,mclaren,134.0,0.0,4.0
1383,12455,2020,14,renault,135.0,0.0,3.0
1384,12456,2020,14,ferrari,103.0,0.0,6.0
1385,12457,2020,14,alphatauri,89.0,1.0,7.0
1386,12458,2020,14,alfa,8.0,0.0,8.0
1387,12459,2020,14,haas,3.0,0.0,9.0
1388,12460,2020,14,williams,0.0,0.0,10.0
1389,12461,2020,15,mercedes,504.0,12.0,1.0
1390,12462,2020,15,red_bull,240.0,1.0,2.0
1391,12463,2020,15,mclaren,149.0,0.0,4.0
1392,12464,2020,15,racing_point,154.0,0.0,3.0
1393,12465,2020,15,renault,136.0,0.0,5.0
1394,12466,2020,15,ferrari,130.0,0.0,6.0
1395,12467,2020,15,alphatauri,89.0,1.0,7.0
1396,12468,2020,15,alfa,8.0,0.0,8.0
1397,12469,2020,15,haas,3.0,0.0,9.0
1398,12470,2020,15,williams,0.0,0.0,10.0
1399,12471,2020,16,mercedes,533.0,13.0,1.0
1400,12472,2020,16,red_bull,274.0,1.0,2.0
1401,12473,2020,16,racing_point,154.0,0.0,4.0
1402,12474,2020,16,mclaren,171.0,0.0,3.0
1403,12475,2020,16,renault,144.0,0.0,5.0
1404,12476,2020,16,ferrari,131.0,0.0,6.0
1405,12477,2020,16,alphatauri,97.0,1.0,7.0
1406,12478,2020,16,alfa,8.0,0.0,8.0
1407,12479,2020,16,haas,3.0,0.0,9.0
1408,12480,2020,16,williams,0.0,0.0,10.0
1409,12481,2020,17,mercedes,540.0,13.0,1.0
1410,12482,2020,17,red_bull,282.0,1.0,2.0
1411,12483,2020,17,mclaren,184.0,0.0,4.0
1412,12484,2020,17,racing_point,194.0,1.0,3.0
1413,12485,2020,17,renault,172.0,0.0,5.0
1414,12486,2020,17,ferrari,131.0,0.0,6.0
1415,12487,2020,17,alphatauri,103.0,1.0,7.0
1416,12488,2020,17,alfa,8.0,0.0,8.0
1417,12489,2020,17,haas,3.0,0.0,9.0
1418,12490,2020,17,williams,0.0,0.0,10.0
1419,12491,2021,1,mercedes,0.0,0.0,0.0
1420,12492,2021,1,red_bull,0.0,0.0,0.0
1421,12493,2021,1,mclaren,0.0,0.0,0.0
1422,12494,2021,1,ferrari,0.0,0.0,0.0
1423,12495,2021,1,alphatauri,0.0,0.0,0.0
1424,12496,2021,1,aston_martin,0.0,0.0,0.0
1425,12497,2021,1,alfa,0.0,0.0,0.0
1426,12498,2021,1,alpine,0.0,0.0,0.0
1427,12499,2021,1,williams,0.0,0.0,0.0
1428,12500,2021,1,haas,0.0,0.0,0.0
1429,12501,2021,2,mercedes,41.0,1.0,1.0
1430,12502,2021,2,red_bull,28.0,0.0,2.0
1431,12503,2021,2,mclaren,18.0,0.0,3.0
1432,12504,2021,2,ferrari,12.0,0.0,4.0
1433,12505,2021,2,alphatauri,2.0,0.0,5.0
1434,12506,2021,2,aston_martin,1.0,0.0,6.0
1435,12507,2021,2,alpine,0.0,0.0,8.0
1436,12508,2021,2,alfa,0.0,0.0,7.0
1437,12509,2021,2,williams,0.0,0.0,9.0
1438,12510,2021,2,haas,0.0,0.0,10.0
1439,12511,2021,3,mercedes,60.0,1.0,1.0
1440,12512,2021,3,red_bull,53.0,1.0,2.0
1441,12513,2021,3,mclaren,41.0,0.0,3.0
1442,12514,2021,3,ferrari,34.0,0.0,4.0
1443,12515,2021,3,alpine,3.0,0.0,7.0
1444,12516,2021,3,alphatauri,8.0,0.0,5.0
1445,12517,2021,3,aston_martin,5.0,0.0,6.0
1446,12518,2021,3,alfa,0.0,0.0,8.0
1447,12519,2021,3,williams,0.0,0.0,9.0
1448,12520,2021,3,haas,0.0,0.0,10.0
1449,12521,2021,4,mercedes,101.0,2.0,1.0
1450,12522,2021,4,red_bull,83.0,1.0,2.0
1451,12523,2021,4,mclaren,53.0,0.0,3.0
1452,12524,2021,4,ferrari,42.0,0.0,4.0
1453,12525,2021,4,alpine,13.0,0.0,5.0
1454,12526,2021,4,alphatauri,9.0,0.0,6.0
1455,12527,2021,4,aston_martin,5.0,0.0,7.0
1456,12528,2021,4,alfa,0.0,0.0,8.0
1457,12529,2021,4,williams,0.0,0.0,9.0
1458,12530,2021,4,haas,0.0,0.0,10.0
1459,12531,2021,5,red_bull,112.0,1.0,2.0
1460,12532,2021,5,mercedes,141.0,3.0,1.0
1461,12533,2021,5,mclaren,65.0,0.0,3.0
1462,12534,2021,5,ferrari,60.0,0.0,4.0
1463,12535,2021,5,aston_martin,5.0,0.0,7.0
1464,12536,2021,5,alphatauri,10.0,0.0,6.0
1465,12537,2021,5,alpine,15.0,0.0,5.0
1466,12538,2021,5,alfa,0.0,0.0,8.0
1467,12539,2021,5,williams,0.0,0.0,9.0
1468,12540,2021,5,haas,0.0,0.0,10.0
1469,12541,2021,6,red_bull,149.0,2.0,1.0
1470,12542,2021,6,mercedes,148.0,3.0,2.0
1471,12543,2021,6,ferrari,78.0,0.0,4.0
1472,12544,2021,6,mclaren,80.0,0.0,3.0
1473,12545,2021,6,alphatauri,18.0,0.0,6.0
1474,12546,2021,6,aston_martin,19.0,0.0,5.0
1475,12547,2021,6,alpine,17.0,0.0,7.0
1476,12548,2021,6,alfa,1.0,0.0,8.0
1477,12549,2021,6,haas,0.0,0.0,10.0
1478,12550,2021,6,williams,0.0,0.0,9.0
1479,12551,2021,7,red_bull,174.0,3.0,1.0
1480,12552,2021,7,mercedes,148.0,3.0,2.0
1481,12553,2021,7,mclaren,92.0,0.0,4.0
1482,12554,2021,7,ferrari,94.0,0.0,3.0
1483,12555,2021,7,alphatauri,39.0,0.0,5.0
1484,12556,2021,7,aston_martin,37.0,0.0,6.0
1485,12557,2021,7,alpine,25.0,0.0,7.0
1486,12558,2021,7,alfa,2.0,0.0,8.0
1487,12559,2021,7,williams,0.0,0.0,10.0
1488,12560,2021,7,haas,0.0,0.0,9.0
1489,12561,2021,8,red_bull,215.0,4.0,1.0
1490,12562,2021,8,mercedes,178.0,3.0,2.0
1491,12563,2021,8,mclaren,110.0,0.0,3.0
1492,12564,2021,8,ferrari,94.0,0.0,4.0
1493,12565,2021,8,alphatauri,45.0,0.0,5.0
1494,12566,2021,8,aston_martin,40.0,0.0,6.0
1495,12567,2021,8,alpine,29.0,0.0,7.0
1496,12568,2021,8,alfa,2.0,0.0,8.0
1497,12569,2021,8,williams,0.0,0.0,9.0
1498,12570,2021,8,haas,0.0,0.0,10.0
1499,12571,2021,9,red_bull,252.0,5.0,1.0
1500,12572,2021,9,mercedes,212.0,3.0,2.0
1501,12573,2021,9,mclaren,120.0,0.0,3.0
1502,12574,2021,9,ferrari,108.0,0.0,4.0
1503,12575,2021,9,alphatauri,46.0,0.0,5.0
1504,12576,2021,9,aston_martin,44.0,0.0,6.0
1505,12577,2021,9,alpine,31.0,0.0,7.0
1506,12578,2021,9,alfa,2.0,0.0,8.0
1507,12579,2021,9,williams,0.0,0.0,9.0
1508,12580,2021,9,haas,0.0,0.0,10.0
1509,12581,2021,10,red_bull,286.0,6.0,1.0
1510,12582,2021,10,mercedes,242.0,3.0,2.0
1511,12583,2021,10,mclaren,141.0,0.0,3.0
1512,12584,2021,10,ferrari,122.0,0.0,4.0
1513,12585,2021,10,alphatauri,48.0,0.0,5.0
1514,12586,2021,10,aston_martin,44.0,0.0,6.0
1515,12587,2021,10,alpine,32.0,0.0,7.0
1516,12588,2021,10,alfa,2.0,0.0,8.0
1517,12589,2021,10,williams,0.0,0.0,9.0
1518,12590,2021,10,haas,0.0,0.0,10.0
1519,12591,2021,11,mercedes,285.0,4.0,2.0
1520,12592,2021,11,red_bull,289.0,6.0,1.0
1521,12593,2021,11,ferrari,148.0,0.0,4.0
1522,12594,2021,11,mclaren,163.0,0.0,3.0
1523,12595,2021,11,alpine,40.0,0.0,7.0
1524,12596,2021,11,alphatauri,49.0,0.0,5.0
1525,12597,2021,11,aston_martin,48.0,0.0,6.0
1526,12598,2021,11,williams,0.0,0.0,9.0
1527,12599,2021,11,alfa,2.0,0.0,8.0
1528,12600,2021,11,haas,0.0,0.0,10.0
1529,12601,2021,12,mercedes,303.0,4.0,1.0
1530,12602,2021,12,red_bull,291.0,6.0,2.0
1531,12603,2021,12,mclaren,163.0,0.0,4.0
1532,12604,2021,12,ferrari,163.0,0.0,3.0
1533,12605,2021,12,alpine,77.0,1.0,5.0
1534,12606,2021,12,alphatauri,68.0,0.0,6.0
1535,12607,2021,12,aston_martin,48.0,0.0,7.0
1536,12608,2021,12,williams,10.0,0.0,8.0
1537,12609,2021,12,alfa,3.0,0.0,9.0
1538,12610,2021,12,haas,0.0,0.0,10.0
1539,12611,2021,13,mercedes,0.0,4.0,1.0
1540,12612,2021,13,red_bull,0.0,7.0,2.0
1541,12613,2021,13,ferrari,0.0,0.0,4.0
1542,12614,2021,13,mclaren,169.0,0.0,3.0
1543,12615,2021,13,alpine,80.0,1.0,5.0
1544,12616,2021,13,alphatauri,72.0,0.0,6.0
1545,12617,2021,13,aston_martin,53.0,0.0,7.0
1546,12618,2021,13,williams,20.0,0.0,8.0
1547,12619,2021,13,alfa,3.0,0.0,9.0
1548,12620,2021,13,haas,0.0,0.0,10.0
1549,12621,2021,14,mercedes,0.0,4.0,1.0
1550,12622,2021,14,red_bull,0.0,8.0,2.0
1551,12623,2021,14,mclaren,170.0,0.0,4.0
1552,12624,2021,14,ferrari,0.0,0.0,3.0
1553,12625,2021,14,alpine,90.0,1.0,5.0
1554,12626,2021,14,alphatauri,84.0,0.0,6.0
1555,12627,2021,14,aston_martin,53.0,0.0,7.0
1556,12628,2021,14,williams,20.0,0.0,8.0
1557,12629,2021,14,alfa,3.0,0.0,9.0
1558,12630,2021,14,haas,0.0,0.0,10.0
1559,12631,2021,15,mercedes,0.0,4.0,1.0
1560,12632,2021,15,red_bull,0.0,8.0,2.0
1561,12633,2021,15,mclaren,215.0,1.0,3.0
1562,12634,2021,15,ferrari,0.0,0.0,4.0
1563,12635,2021,15,alpine,95.0,1.0,5.0
1564,12636,2021,15,alphatauri,84.0,0.0,6.0
1565,12637,2021,15,aston_martin,59.0,0.0,7.0
1566,12638,2021,15,williams,22.0,0.0,8.0
1567,12639,2021,15,alfa,3.0,0.0,9.0
1568,12640,2021,15,haas,0.0,0.0,10.0
1569,12641,2021,16,mercedes,0.0,5.0,1.0
1570,12642,2021,16,red_bull,0.0,8.0,2.0
1571,12643,2021,16,mclaren,234.0,1.0,3.0
1572,12644,2021,16,ferrari,0.0,0.0,4.0
1573,12645,2021,16,alpine,103.0,1.0,5.0
1574,12646,2021,16,alphatauri,84.0,0.0,6.0
1575,12647,2021,16,aston_martin,59.0,0.0,7.0
1576,12648,2021,16,williams,23.0,0.0,8.0
1577,12649,2021,16,alfa,7.0,0.0,9.0
1578,12650,2021,16,haas,0.0,0.0,10.0
1579,12651,2021,17,mercedes,0.0,6.0,1.0
1580,12652,2021,17,red_bull,0.0,8.0,2.0
1581,12653,2021,17,mclaren,240.0,1.0,3.0
1582,12654,2021,17,ferrari,0.0,0.0,4.0
1583,12655,2021,17,alpine,104.0,1.0,5.0
1584,12656,2021,17,alphatauri,92.0,0.0,6.0
1585,12657,2021,17,aston_martin,61.0,0.0,7.0
1586,12658,2021,17,williams,23.0,0.0,8.0
1587,12659,2021,17,alfa,7.0,0.0,9.0
1588,12660,2021,17,haas,0.0,0.0,10.0
1589,12661,2021,18,mercedes,0.0,6.0,1.0
1590,12662,2021,18,red_bull,0.0,9.0,2.0
1591,12663,2021,18,ferrari,0.0,0.0,4.0
1592,12664,2021,18,mclaren,254.0,1.0,3.0
1593,12665,2021,18,alpine,104.0,1.0,5.0
1594,12666,2021,18,alphatauri,94.0,0.0,6.0
1595,12667,2021,18,aston_martin,62.0,0.0,7.0
1596,12668,2021,18,williams,23.0,0.0,8.0
1597,12669,2021,18,alfa,7.0,0.0,9.0
1598,12670,2021,18,haas,0.0,0.0,10.0
1599,12671,2021,19,mercedes,0.0,6.0,1.0
1600,12672,2021,19,red_bull,0.0,10.0,2.0
1601,12673,2021,19,ferrari,0.0,0.0,3.0
1602,12674,2021,19,mclaren,255.0,1.0,4.0
1603,12675,2021,19,alpine,106.0,1.0,5.0
1604,12676,2021,19,alphatauri,106.0,0.0,6.0
1605,12677,2021,19,aston_martin,68.0,0.0,7.0
1606,12678,2021,19,williams,23.0,0.0,8.0
1607,12679,2021,19,alfa,11.0,0.0,9.0
1608,12680,2021,19,haas,0.0,0.0,10.0
1609,12681,2021,20,mercedes,0.0,7.0,1.0
1610,12682,2021,20,red_bull,0.0,10.0,2.0
1611,12683,2021,20,ferrari,0.0,0.0,3.0
1612,12684,2021,20,mclaren,256.0,1.0,4.0
1613,12685,2021,20,alpine,112.0,1.0,5.0
1614,12686,2021,20,alphatauri,112.0,0.0,6.0
1615,12687,2021,20,aston_martin,68.0,0.0,7.0
1616,12688,2021,20,williams,23.0,0.0,8.0
1617,12689,2021,20,alfa,11.0,0.0,9.0
1618,12690,2021,20,haas,0.0,0.0,10.0
1619,12691,2021,21,mercedes,0.0,8.0,1.0
1620,12692,2021,21,red_bull,0.0,10.0,2.0
1621,12693,2021,21,ferrari,0.0,0.0,3.0
1622,12694,2021,21,mclaren,258.0,1.0,4.0
1623,12695,2021,21,alpine,137.0,1.0,5.0
1624,12696,2021,21,alphatauri,112.0,0.0,6.0
1625,12697,2021,21,aston_martin,77.0,0.0,7.0
1626,12698,2021,21,williams,23.0,0.0,8.0
1627,12699,2021,21,alfa,11.0,0.0,9.0
1628,12700,2021,21,haas,0.0,0.0,10.0
1629,12701,2021,22,mercedes,0.0,9.0,1.0
1630,12702,2021,22,red_bull,0.0,10.0,2.0
1631,12703,2021,22,ferrari,0.0,0.0,3.0
1632,12704,2021,22,mclaren,269.0,1.0,4.0
1633,12705,2021,22,alpine,149.0,1.0,5.0
1634,12706,2021,22,alphatauri,120.0,0.0,6.0
1635,12707,2021,22,aston_martin,77.0,0.0,7.0
1636,12708,2021,22,williams,23.0,0.0,8.0
1637,12709,2021,22,alfa,13.0,0.0,9.0
1638,12710,2021,22,haas,0.0,0.0,10.0
1639,12711,2022,1,ferrari,0.0,0.0,0.0
1640,12712,2022,1,mercedes,0.0,0.0,0.0
1641,12713,2022,1,haas,0.0,0.0,0.0
1642,12714,2022,1,alfa,0.0,0.0,0.0
1643,12715,2022,1,alpine,0.0,0.0,0.0
1644,12716,2022,1,alphatauri,0.0,0.0,0.0
1645,12717,2022,1,aston_martin,0.0,0.0,0.0
1646,12718,2022,1,williams,0.0,0.0,0.0
1647,12719,2022,1,mclaren,0.0,0.0,0.0
1648,12720,2022,1,red_bull,0.0,0.0,0.0
1649,12721,2022,2,ferrari,44.0,1.0,1.0
1650,12722,2022,2,mercedes,27.0,0.0,2.0
1651,12723,2022,2,red_bull,0.0,0.0,10.0
1652,12724,2022,2,alpine,8.0,0.0,5.0
1653,12725,2022,2,haas,10.0,0.0,3.0
1654,12726,2022,2,alfa,9.0,0.0,4.0
1655,12727,2022,2,alphatauri,4.0,0.0,6.0
1656,12728,2022,2,mclaren,0.0,0.0,9.0
1657,12729,2022,2,aston_martin,0.0,0.0,7.0
1658,12730,2022,2,williams,0.0,0.0,8.0
1659,12731,2022,3,ferrari,78.0,1.0,1.0
1660,12732,2022,3,mercedes,38.0,0.0,2.0
1661,12733,2022,3,red_bull,37.0,1.0,3.0
1662,12734,2022,3,mclaren,6.0,0.0,8.0
1663,12735,2022,3,alpine,16.0,0.0,4.0
1664,12736,2022,3,alfa,9.0,0.0,6.0
1665,12737,2022,3,haas,12.0,0.0,5.0
1666,12738,2022,3,alphatauri,8.0,0.0,7.0
1667,12739,2022,3,williams,0.0,0.0,10.0
1668,12740,2022,3,aston_martin,0.0,0.0,9.0
1669,12741,2022,4,ferrari,104.0,2.0,1.0
1670,12742,2022,4,red_bull,55.0,1.0,3.0
1671,12743,2022,4,mercedes,65.0,0.0,2.0
1672,12744,2022,4,mclaren,24.0,0.0,4.0
1673,12745,2022,4,alfa,13.0,0.0,6.0
1674,12746,2022,4,alpine,22.0,0.0,5.0
1675,12747,2022,4,alphatauri,10.0,0.0,8.0
1676,12748,2022,4,haas,12.0,0.0,7.0
1677,12749,2022,4,aston_martin,0.0,0.0,10.0
1678,12750,2022,4,williams,1.0,0.0,9.0
1679,12751,2022,5,ferrari,124.0,2.0,1.0
1680,12752,2022,5,red_bull,113.0,2.0,2.0
1681,12753,2022,5,mercedes,77.0,0.0,3.0
1682,12754,2022,5,mclaren,46.0,0.0,4.0
1683,12755,2022,5,alfa,25.0,0.0,5.0
1684,12756,2022,5,alpine,22.0,0.0,6.0
1685,12757,2022,5,alphatauri,16.0,0.0,7.0
1686,12758,2022,5,haas,15.0,0.0,8.0
1687,12759,2022,5,aston_martin,5.0,0.0,9.0
1688,12760,2022,5,williams,1.0,0.0,10.0
1689,12761,2022,6,red_bull,151.0,3.0,2.0
1690,12762,2022,6,ferrari,157.0,2.0,1.0
1691,12763,2022,6,mercedes,95.0,0.0,3.0
1692,12764,2022,6,mclaren,46.0,0.0,4.0
1693,12765,2022,6,alfa,31.0,0.0,5.0
1694,12766,2022,6,alpine,26.0,0.0,6.0
1695,12767,2022,6,alphatauri,16.0,0.0,7.0
1696,12768,2022,6,haas,15.0,0.0,8.0
1697,12769,2022,6,aston_martin,6.0,0.0,9.0
1698,12770,2022,6,williams,3.0,0.0,10.0
1699,12771,2022,7,red_bull,195.0,4.0,1.0
1700,12772,2022,7,ferrari,169.0,2.0,2.0
1701,12773,2022,7,mercedes,120.0,0.0,3.0
1702,12774,2022,7,mclaren,50.0,0.0,4.0
1703,12775,2022,7,alfa,39.0,0.0,5.0
1704,12776,2022,7,alpine,34.0,0.0,6.0
1705,12777,2022,7,alphatauri,17.0,0.0,7.0
1706,12778,2022,7,haas,15.0,0.0,8.0
1707,12779,2022,7,aston_martin,6.0,0.0,9.0
1708,12780,2022,7,williams,3.0,0.0,10.0
1709,12781,2022,8,red_bull,235.0,5.0,1.0
1710,12782,2022,8,ferrari,199.0,2.0,2.0
1711,12783,2022,8,mercedes,134.0,0.0,3.0
1712,12784,2022,8,mclaren,59.0,0.0,4.0
1713,12785,2022,8,alpine,40.0,0.0,6.0
1714,12786,2022,8,alfa,41.0,0.0,5.0
1715,12787,2022,8,alphatauri,17.0,0.0,7.0
1716,12788,2022,8,haas,15.0,0.0,8.0
1717,12789,2022,8,aston_martin,7.0,0.0,9.0
1718,12790,2022,8,williams,3.0,0.0,10.0
1719,12791,2022,9,red_bull,279.0,6.0,1.0
1720,12792,2022,9,ferrari,199.0,2.0,2.0
1721,12793,2022,9,mercedes,161.0,0.0,3.0
1722,12794,2022,9,mclaren,65.0,0.0,4.0
1723,12795,2022,9,alpine,47.0,0.0,5.0
1724,12796,2022,9,alfa,41.0,0.0,6.0
1725,12797,2022,9,alphatauri,27.0,0.0,7.0
1726,12798,2022,9,aston_martin,15.0,0.0,9.0
1727,12799,2022,9,haas,15.0,0.0,8.0
1728,12800,2022,9,williams,3.0,0.0,10.0
1729,12801,2022,10,red_bull,304.0,7.0,1.0
1730,12802,2022,10,ferrari,228.0,2.0,2.0
1731,12803,2022,10,mercedes,188.0,0.0,3.0
1732,12804,2022,10,mclaren,65.0,0.0,4.0
1733,12805,2022,10,alpine,57.0,0.0,5.0
1734,12806,2022,10,alfa,51.0,0.0,6.0
1735,12807,2022,10,alphatauri,27.0,0.0,7.0
1736,12808,2022,10,haas,15.0,0.0,9.0
1737,12809,2022,10,aston_martin,16.0,0.0,8.0
1738,12810,2022,10,williams,3.0,0.0,10.0
1739,12811,2022,11,red_bull,328.0,7.0,1.0
1740,12812,2022,11,ferrari,265.0,3.0,2.0
1741,12813,2022,11,mercedes,204.0,0.0,3.0
1742,12814,2022,11,mclaren,73.0,0.0,4.0
1743,12815,2022,11,alpine,67.0,0.0,5.0
1744,12816,2022,11,alfa,51.0,0.0,6.0
1745,12817,2022,11,haas,20.0,0.0,8.0
1746,12818,2022,11,alphatauri,27.0,0.0,7.0
1747,12819,2022,11,aston_martin,18.0,0.0,9.0
1748,12820,2022,11,williams,3.0,0.0,10.0
1749,12821,2022,12,red_bull,359.0,7.0,1.0
1750,12822,2022,12,ferrari,303.0,4.0,2.0
1751,12823,2022,12,mercedes,237.0,0.0,3.0
1752,12824,2022,12,alpine,81.0,0.0,5.0
1753,12825,2022,12,mclaren,81.0,0.0,4.0
1754,12826,2022,12,alfa,51.0,0.0,6.0
1755,12827,2022,12,haas,34.0,0.0,7.0
1756,12828,2022,12,alphatauri,27.0,0.0,8.0
1757,12829,2022,12,aston_martin,18.0,0.0,9.0
1758,12830,2022,12,williams,3.0,0.0,10.0
1759,12831,2022,13,red_bull,396.0,8.0,1.0
1760,12832,2022,13,ferrari,314.0,4.0,2.0
1761,12833,2022,13,mercedes,270.0,0.0,3.0
1762,12834,2022,13,alpine,93.0,0.0,4.0
1763,12835,2022,13,mclaren,89.0,0.0,5.0
1764,12836,2022,13,alfa,51.0,0.0,6.0
1765,12837,2022,13,haas,34.0,0.0,7.0
1766,12838,2022,13,alphatauri,27.0,0.0,8.0
1767,12839,2022,13,aston_martin,19.0,0.0,9.0
1768,12840,2022,13,williams,3.0,0.0,10.0
1769,12841,2022,14,red_bull,431.0,9.0,1.0
1770,12842,2022,14,ferrari,334.0,4.0,2.0
1771,12843,2022,14,mercedes,304.0,0.0,3.0
1772,12844,2022,14,alpine,99.0,0.0,4.0
1773,12845,2022,14,mclaren,95.0,0.0,5.0
1774,12846,2022,14,alfa,51.0,0.0,6.0
1775,12847,2022,14,haas,34.0,0.0,7.0
1776,12848,2022,14,alphatauri,27.0,0.0,8.0
1777,12849,2022,14,aston_martin,20.0,0.0,9.0
1778,12850,2022,14,williams,3.0,0.0,10.0
1779,12851,2022,15,red_bull,475.0,10.0,1.0
1780,12852,2022,15,ferrari,357.0,4.0,2.0
1781,12853,2022,15,mercedes,316.0,0.0,3.0
1782,12854,2022,15,alpine,115.0,0.0,4.0
1783,12855,2022,15,mclaren,95.0,0.0,5.0
1784,12856,2022,15,alfa,51.0,0.0,6.0
1785,12857,2022,15,haas,34.0,0.0,7.0
1786,12858,2022,15,alphatauri,29.0,0.0,8.0
1787,12859,2022,15,aston_martin,24.0,0.0,9.0
1788,12860,2022,15,williams,4.0,0.0,10.0
1789,12861,2022,16,red_bull,511.0,11.0,1.0
1790,12862,2022,16,ferrari,376.0,4.0,2.0
1791,12863,2022,16,mercedes,346.0,0.0,3.0
1792,12864,2022,16,alpine,125.0,0.0,4.0
1793,12865,2022,16,mclaren,101.0,0.0,5.0
1794,12866,2022,16,alfa,51.0,0.0,6.0
1795,12867,2022,16,haas,34.0,0.0,7.0
1796,12868,2022,16,alphatauri,29.0,0.0,8.0
1797,12869,2022,16,aston_martin,25.0,0.0,9.0
1798,12870,2022,16,williams,4.0,0.0,10.0
1799,12871,2022,17,red_bull,545.0,12.0,1.0
1800,12872,2022,17,ferrari,406.0,4.0,2.0
1801,12873,2022,17,mercedes,371.0,0.0,3.0
1802,12874,2022,17,mclaren,107.0,0.0,5.0
1803,12875,2022,17,alpine,125.0,0.0,4.0
1804,12876,2022,17,alfa,52.0,0.0,6.0
1805,12877,2022,17,aston_martin,25.0,0.0,9.0
1806,12878,2022,17,haas,34.0,0.0,7.0
1807,12879,2022,17,alphatauri,33.0,0.0,8.0
1808,12880,2022,17,williams,6.0,0.0,10.0
1809,12881,2022,18,red_bull,576.0,13.0,1.0
1810,12882,2022,18,ferrari,439.0,4.0,2.0
1811,12883,2022,18,mercedes,373.0,0.0,3.0
1812,12884,2022,18,alpine,125.0,0.0,5.0
1813,12885,2022,18,mclaren,129.0,0.0,4.0
1814,12886,2022,18,alfa,52.0,0.0,6.0
1815,12887,2022,18,aston_martin,37.0,0.0,7.0
1816,12888,2022,18,haas,34.0,0.0,8.0
1817,12889,2022,18,alphatauri,34.0,0.0,9.0
1818,12890,2022,18,williams,6.0,0.0,10.0
1819,12891,2022,19,red_bull,619.0,14.0,1.0
1820,12892,2022,19,ferrari,454.0,4.0,2.0
1821,12893,2022,19,mercedes,387.0,0.0,3.0
1822,12894,2022,19,alpine,143.0,0.0,4.0
1823,12895,2022,19,mclaren,130.0,0.0,5.0
1824,12896,2022,19,alfa,52.0,0.0,6.0
1825,12897,2022,19,aston_martin,45.0,0.0,7.0
1826,12898,2022,19,haas,34.0,0.0,8.0
1827,12899,2022,19,alphatauri,34.0,0.0,9.0
1828,12900,2022,19,williams,8.0,0.0,10.0
1829,12901,2022,20,red_bull,656.0,15.0,1.0
1830,12902,2022,20,ferrari,469.0,4.0,2.0
1831,12903,2022,20,mercedes,416.0,0.0,3.0
1832,12904,2022,20,alpine,149.0,0.0,4.0
1833,12905,2022,20,mclaren,138.0,0.0,5.0
1834,12906,2022,20,alfa,52.0,0.0,6.0
1835,12907,2022,20,aston_martin,49.0,0.0,7.0
1836,12908,2022,20,haas,36.0,0.0,8.0
1837,12909,2022,20,alphatauri,35.0,0.0,9.0
1838,12910,2022,20,williams,8.0,0.0,10.0
1839,12911,2022,21,red_bull,696.0,16.0,1.0
1840,12912,2022,21,ferrari,487.0,4.0,2.0
1841,12913,2022,21,mercedes,447.0,0.0,3.0
1842,12914,2022,21,alpine,153.0,0.0,4.0
1843,12915,2022,21,mclaren,146.0,0.0,5.0
1844,12916,2022,21,alfa,53.0,0.0,6.0
1845,12917,2022,21,aston_martin,49.0,0.0,7.0
1846,12918,2022,21,haas,36.0,0.0,8.0
1847,12919,2022,21,alphatauri,35.0,0.0,9.0
1848,12920,2022,21,williams,8.0,0.0,10.0
1849,12921,2022,22,red_bull,719.0,16.0,1.0
1850,12922,2022,22,ferrari,524.0,4.0,2.0
1851,12923,2022,22,mercedes,505.0,1.0,3.0
1852,12924,2022,22,alpine,167.0,0.0,4.0
1853,12925,2022,22,mclaren,148.0,0.0,5.0
1854,12926,2022,22,alfa,55.0,0.0,6.0
1855,12927,2022,22,aston_martin,50.0,0.0,7.0
1856,12928,2022,22,haas,37.0,0.0,8.0
1857,12929,2022,22,alphatauri,35.0,0.0,9.0
1858,12930,2022,22,williams,8.0,0.0,10.0
